id	result_id	name	dur	record_path	start_time	end_time
1	25238217	Melhem-Medekiciltme44	44.0	recorded/Radio/2026-08-01/2026-08-01-07-00-08_real_fm_srv6-61min.mp3	3154	3198.0
2	25238557	Melhem-Medekiciltme44	44.0	recorded/Radio/2026-08-01/2026-08-01-08-00-08_real_fm_srv6-61min.mp3	1253	1297.0
3	25238558	Melhem-Medekiciltme44	44.0	recorded/Radio/2026-08-01/2026-08-01-08-00-08_real_fm_srv6-61min.mp3	3153	3197.0
4	25239622	Melhem-Medekiciltme44	44.0	recorded/Radio/2026-08-01/2026-08-01-09-00-08_real_fm_srv6-61min.mp3	1457	1501.0
5	25239624	Melhem-Medekiciltme44	44.0	recorded/Radio/2026-08-01/2026-08-01-09-00-08_real_fm_srv6-61min.mp3	3176	3220.0
6	25240652	Melhem-Medekiciltme44	44.0	recorded/Radio/2026-08-01/2026-08-01-10-00-08_real_fm_srv6-61min.mp3	1384	1428.0
7	25240655	Melhem-Medekiciltme44	44.0	recorded/Radio/2026-08-01/2026-08-01-10-00-08_real_fm_srv6-61min.mp3	3118	3162.0
8	25242195	Melhem-Medekiciltme44	44.0	recorded/Radio/2026-08-01/2026-08-01-11-00-08_real_fm_srv6-61min.mp3	1430	1474.0
9	25242196	Melhem-Medekiciltme44	44.0	recorded/Radio/2026-08-01/2026-08-01-11-00-08_real_fm_srv6-61min.mp3	3148	3192.0
10	25243632	Melhem-Medekiciltme44	44.0	recorded/Radio/2026-08-01/2026-08-01-12-00-08_real_fm_srv6-61min.mp3	1409	1453.0
11	25243633	Melhem-Medekiciltme44	44.0	recorded/Radio/2026-08-01/2026-08-01-12-00-08_real_fm_srv6-61min.mp3	3054	3098.0
12	25245176	Melhem-Medekiciltme44	44.0	recorded/Radio/2026-08-01/2026-08-01-13-00-09_real_fm_srv6-61min.mp3	1349	1393.0
13	25245178	Melhem-Medekiciltme44	44.0	recorded/Radio/2026-08-01/2026-08-01-13-00-09_real_fm_srv6-61min.mp3	3116	3160.0
14	25246585	Melhem-Medekiciltme44	44.0	recorded/Radio/2026-08-01/2026-08-01-14-00-08_real_fm_srv6-61min.mp3	1326	1370.0
15	25246588	Melhem-Medekiciltme44	44.0	recorded/Radio/2026-08-01/2026-08-01-14-00-08_real_fm_srv6-61min.mp3	3084	3128.0
16	25250393	Melhem-Medekiciltme44	44.0	recorded/Radio/2026-08-01/2026-08-01-15-00-08_real_fm_srv6-61min.mp3	1539	1583.0
17	25250397	Melhem-Medekiciltme44	44.0	recorded/Radio/2026-08-01/2026-08-01-15-00-08_real_fm_srv6-61min.mp3	3282	3326.0
18	25256001	Melhem-Medekiciltme44	44.0	recorded/Radio/2026-08-01/2026-08-01-16-00-08_real_fm_srv6-61min.mp3	1405	1449.0
19	25256006	Melhem-Medekiciltme44	44.0	recorded/Radio/2026-08-01/2026-08-01-16-00-08_real_fm_srv6-61min.mp3	3056	3100.0
20	25261231	Melhem-Medekiciltme44	44.0	recorded/Radio/2026-08-01/2026-08-01-17-00-08_real_fm_srv6-61min.mp3	1367	1411.0
21	25261234	Melhem-Medekiciltme44	44.0	recorded/Radio/2026-08-01/2026-08-01-17-00-08_real_fm_srv6-61min.mp3	3181	3225.0
22	25264289	Melhem-Medekiciltme44	44.0	recorded/Radio/2026-08-01/2026-08-01-18-00-08_real_fm_srv6-61min.mp3	1432	1476.0
23	25264292	Melhem-Medekiciltme44	44.0	recorded/Radio/2026-08-01/2026-08-01-18-00-08_real_fm_srv6-61min.mp3	3092	3136.0
24	25267559	Melhem-Medekiciltme44	44.0	recorded/Radio/2026-08-01/2026-08-01-19-00-08_real_fm_srv6-61min.mp3	1543	1587.0
25	25267560	Melhem-Medekiciltme44	44.0	recorded/Radio/2026-08-01/2026-08-01-19-00-08_real_fm_srv6-61min.mp3	3057	3101.0
26	25270915	Melhem-Medekiciltme44	44.0	recorded/Radio/2026-08-01/2026-08-01-20-00-08_real_fm_srv6-61min.mp3	1368	1412.0
27	25270919	Melhem-Medekiciltme44	44.0	recorded/Radio/2026-08-01/2026-08-01-20-00-08_real_fm_srv6-61min.mp3	3158	3202.0
28	25273675	Melhem-Medekiciltme44	44.0	recorded/Radio/2026-08-01/2026-08-01-21-00-08_real_fm_srv6-61min.mp3	1427	1471.0
29	25273677	Melhem-Medekiciltme44	44.0	recorded/Radio/2026-08-01/2026-08-01-21-00-08_real_fm_srv6-61min.mp3	3117	3161.0
30	25275855	Melhem-Medekiciltme44	44.0	recorded/Radio/2026-08-01/2026-08-01-22-00-09_real_fm_srv6-61min.mp3	1373	1417.0
31	25275856	Melhem-Medekiciltme44	44.0	recorded/Radio/2026-08-01/2026-08-01-22-00-09_real_fm_srv6-61min.mp3	3074	3118.0
32	25277786	Melhem-Medekiciltme44	44.0	recorded/Radio/2026-08-01/2026-08-01-23-00-08_real_fm_srv6-61min.mp3	1445	1489.0
33	25277787	Melhem-Medekiciltme44	44.0	recorded/Radio/2026-08-01/2026-08-01-23-00-08_real_fm_srv6-61min.mp3	3087	3131.0
34	25284319	Melhem-Medekiciltme44	44.0	recorded/Radio/2026-08-02/2026-08-02-07-00-08_real_fm_srv6-61min.mp3	3115	3159.0
35	25284634	Melhem-Medekiciltme44	44.0	recorded/Radio/2026-08-02/2026-08-02-08-00-08_real_fm_srv6-61min.mp3	1339	1383.0
36	25284635	Melhem-Medekiciltme44	44.0	recorded/Radio/2026-08-02/2026-08-02-08-00-08_real_fm_srv6-61min.mp3	3130	3174.0
37	25285602	Melhem-Medekiciltme44	44.0	recorded/Radio/2026-08-02/2026-08-02-09-00-08_real_fm_srv6-61min.mp3	1342	1386.0
38	25285603	Melhem-Medekiciltme44	44.0	recorded/Radio/2026-08-02/2026-08-02-09-00-08_real_fm_srv6-61min.mp3	3028	3072.0
39	25286708	Melhem-Medekiciltme44	44.0	recorded/Radio/2026-08-02/2026-08-02-10-00-08_real_fm_srv6-61min.mp3	1367	1411.0
40	25286709	Melhem-Medekiciltme44	44.0	recorded/Radio/2026-08-02/2026-08-02-10-00-08_real_fm_srv6-61min.mp3	3190	3234.0
41	25288175	Melhem-Medekiciltme44	44.0	recorded/Radio/2026-08-02/2026-08-02-11-00-08_real_fm_srv6-61min.mp3	1382	1426.0
42	25288176	Melhem-Medekiciltme44	44.0	recorded/Radio/2026-08-02/2026-08-02-11-00-08_real_fm_srv6-61min.mp3	3093	3137.0
43	25289368	Melhem-Medekiciltme44	44.0	recorded/Radio/2026-08-02/2026-08-02-12-00-08_real_fm_srv6-61min.mp3	1329	1373.0
44	25289369	Melhem-Medekiciltme44	44.0	recorded/Radio/2026-08-02/2026-08-02-12-00-08_real_fm_srv6-61min.mp3	3222	3266.0
45	25290748	Melhem-Medekiciltme44	44.0	recorded/Radio/2026-08-02/2026-08-02-13-00-09_real_fm_srv6-61min.mp3	1457	1501.0
46	25290750	Melhem-Medekiciltme44	44.0	recorded/Radio/2026-08-02/2026-08-02-13-00-09_real_fm_srv6-61min.mp3	3160	3204.0
47	25291917	Melhem-Medekiciltme44	44.0	recorded/Radio/2026-08-02/2026-08-02-14-00-08_real_fm_srv6-61min.mp3	1403	1447.0
48	25291918	Melhem-Medekiciltme44	44.0	recorded/Radio/2026-08-02/2026-08-02-14-00-08_real_fm_srv6-61min.mp3	3099	3143.0
49	25293255	Melhem-Medekiciltme44	44.0	recorded/Radio/2026-08-02/2026-08-02-15-00-08_real_fm_srv6-61min.mp3	1255	1299.0
50	25293257	Melhem-Medekiciltme44	44.0	recorded/Radio/2026-08-02/2026-08-02-15-00-08_real_fm_srv6-61min.mp3	3212	3256.0
51	25294363	Melhem-Medekiciltme44	44.0	recorded/Radio/2026-08-02/2026-08-02-16-00-08_real_fm_srv6-61min.mp3	1295	1339.0
52	25294366	Melhem-Medekiciltme44	44.0	recorded/Radio/2026-08-02/2026-08-02-16-00-08_real_fm_srv6-61min.mp3	3216	3260.0
53	25295537	Melhem-Medekiciltme44	44.0	recorded/Radio/2026-08-02/2026-08-02-17-00-08_real_fm_srv6-61min.mp3	1402	1446.0
54	25295540	Melhem-Medekiciltme44	44.0	recorded/Radio/2026-08-02/2026-08-02-17-00-08_real_fm_srv6-61min.mp3	3161	3205.0
55	25296607	Melhem-Medekiciltme44	44.0	recorded/Radio/2026-08-02/2026-08-02-18-00-08_real_fm_srv6-61min.mp3	1337	1381.0
56	25296609	Melhem-Medekiciltme44	44.0	recorded/Radio/2026-08-02/2026-08-02-18-00-08_real_fm_srv6-61min.mp3	2996	3040.0
57	25298447	Melhem-Medekiciltme44	44.0	recorded/Radio/2026-08-02/2026-08-02-19-00-09_real_fm_srv6-61min.mp3	1385	1429.0
58	25298449	Melhem-Medekiciltme44	44.0	recorded/Radio/2026-08-02/2026-08-02-19-00-09_real_fm_srv6-61min.mp3	3166	3210.0
59	25299783	Melhem-Medekiciltme44	44.0	recorded/Radio/2026-08-02/2026-08-02-20-00-08_real_fm_srv6-61min.mp3	1398	1442.0
60	25299784	Melhem-Medekiciltme44	44.0	recorded/Radio/2026-08-02/2026-08-02-20-00-08_real_fm_srv6-61min.mp3	3231	3275.0
61	25300936	Melhem-Medekiciltme44	44.0	recorded/Radio/2026-08-02/2026-08-02-21-00-08_real_fm_srv6-61min.mp3	1240	1284.0
62	25300937	Melhem-Medekiciltme44	44.0	recorded/Radio/2026-08-02/2026-08-02-21-00-08_real_fm_srv6-61min.mp3	3121	3165.0
63	25301589	Melhem-Medekiciltme44	44.0	recorded/Radio/2026-08-02/2026-08-02-22-00-09_real_fm_srv6-61min.mp3	1443	1487.0
64	25301590	Melhem-Medekiciltme44	44.0	recorded/Radio/2026-08-02/2026-08-02-22-00-09_real_fm_srv6-61min.mp3	3112	3156.0
65	25302058	Melhem-Medekiciltme44	44.0	recorded/Radio/2026-08-02/2026-08-02-23-00-08_real_fm_srv6-61min.mp3	1358	1402.0
66	25302059	Melhem-Medekiciltme44	44.0	recorded/Radio/2026-08-02/2026-08-02-23-00-08_real_fm_srv6-61min.mp3	3051	3095.0
67	25303102	Melhem-Medekiciltme44	44.0	recorded/Radio/2026-08-03/2026-08-03-07-00-08_real_fm_srv6-61min.mp3	3139	3183.0
68	25303711	Melhem-Medekiciltme44	44.0	recorded/Radio/2026-08-03/2026-08-03-08-00-08_real_fm_srv6-61min.mp3	1603	1647.0
69	25303712	Melhem-Medekiciltme44	44.0	recorded/Radio/2026-08-03/2026-08-03-08-00-08_real_fm_srv6-61min.mp3	3283	3327.0
70	25307488	Melhem-Medekiciltme44	44.0	recorded/Radio/2026-08-03/2026-08-03-09-00-08_real_fm_srv6-61min.mp3	1356	1400.0
71	25307493	Melhem-Medekiciltme44	44.0	recorded/Radio/2026-08-03/2026-08-03-09-00-08_real_fm_srv6-61min.mp3	3260	3304.0
72	25309801	Melhem-Medekiciltme44	44.0	recorded/Radio/2026-08-03/2026-08-03-10-00-08_real_fm_srv6-61min.mp3	1432	1476.0
73	25309803	Melhem-Medekiciltme44	44.0	recorded/Radio/2026-08-03/2026-08-03-10-00-08_real_fm_srv6-61min.mp3	3302	3346.0
74	25311713	Melhem-Medekiciltme44	44.0	recorded/Radio/2026-08-03/2026-08-03-11-00-08_real_fm_srv6-61min.mp3	1243	1287.0
75	25311715	Melhem-Medekiciltme44	44.0	recorded/Radio/2026-08-03/2026-08-03-11-00-08_real_fm_srv6-61min.mp3	3141	3185.0
76	25313480	Melhem-Medekiciltme44	44.0	recorded/Radio/2026-08-03/2026-08-03-12-00-08_real_fm_srv6-61min.mp3	1336	1380.0
77	25313481	Melhem-Medekiciltme44	44.0	recorded/Radio/2026-08-03/2026-08-03-12-00-08_real_fm_srv6-61min.mp3	3105	3149.0
78	25315433	Melhem-Medekiciltme44	44.0	recorded/Radio/2026-08-03/2026-08-03-13-00-08_real_fm_srv6-61min.mp3	1206	1250.0
79	25315435	Melhem-Medekiciltme44	44.0	recorded/Radio/2026-08-03/2026-08-03-13-00-08_real_fm_srv6-61min.mp3	3273	3317.0
80	25317179	Melhem-Medekiciltme44	44.0	recorded/Radio/2026-08-03/2026-08-03-14-00-08_real_fm_srv6-61min.mp3	1303	1347.0
81	25317181	Melhem-Medekiciltme44	44.0	recorded/Radio/2026-08-03/2026-08-03-14-00-08_real_fm_srv6-61min.mp3	3073	3117.0
82	25319123	Melhem-Medekiciltme44	44.0	recorded/Radio/2026-08-03/2026-08-03-15-00-08_real_fm_srv6-61min.mp3	1308	1352.0
83	25319125	Melhem-Medekiciltme44	44.0	recorded/Radio/2026-08-03/2026-08-03-15-00-08_real_fm_srv6-61min.mp3	3111	3155.0
84	25322371	Melhem-Medekiciltme44	44.0	recorded/Radio/2026-08-03/2026-08-03-16-00-08_real_fm_srv6-61min.mp3	1315	1359.0
85	25322373	Melhem-Medekiciltme44	44.0	recorded/Radio/2026-08-03/2026-08-03-16-00-08_real_fm_srv6-61min.mp3	3091	3135.0
86	25325813	Melhem-Medekiciltme44	44.0	recorded/Radio/2026-08-03/2026-08-03-17-00-08_real_fm_srv6-61min.mp3	1331	1375.0
87	25325820	Melhem-Medekiciltme44	44.0	recorded/Radio/2026-08-03/2026-08-03-17-00-08_real_fm_srv6-61min.mp3	3206	3250.0
88	25328955	Melhem-Medekiciltme44	44.0	recorded/Radio/2026-08-03/2026-08-03-18-00-08_real_fm_srv6-61min.mp3	1116	1160.0
89	25328959	Melhem-Medekiciltme44	44.0	recorded/Radio/2026-08-03/2026-08-03-18-00-08_real_fm_srv6-61min.mp3	3061	3105.0
90	25332028	Melhem-Medekiciltme44	44.0	recorded/Radio/2026-08-03/2026-08-03-19-00-08_real_fm_srv6-61min.mp3	1366	1410.0
91	25332032	Melhem-Medekiciltme44	44.0	recorded/Radio/2026-08-03/2026-08-03-19-00-08_real_fm_srv6-61min.mp3	3106	3150.0
92	25333821	Melhem-Medekiciltme44	44.0	recorded/Radio/2026-08-03/2026-08-03-20-00-08_real_fm_srv6-61min.mp3	1254	1298.0
93	25333822	Melhem-Medekiciltme44	44.0	recorded/Radio/2026-08-03/2026-08-03-20-00-08_real_fm_srv6-61min.mp3	3145	3189.0
94	25335396	Melhem-Medekiciltme44	44.0	recorded/Radio/2026-08-03/2026-08-03-21-00-08_real_fm_srv6-61min.mp3	1377	1421.0
95	25335397	Melhem-Medekiciltme44	44.0	recorded/Radio/2026-08-03/2026-08-03-21-00-08_real_fm_srv6-61min.mp3	3151	3195.0
96	25336566	Melhem-Medekiciltme44	44.0	recorded/Radio/2026-08-03/2026-08-03-22-00-08_real_fm_srv6-61min.mp3	1259	1303.0
97	25336567	Melhem-Medekiciltme44	44.0	recorded/Radio/2026-08-03/2026-08-03-22-00-08_real_fm_srv6-61min.mp3	3053	3097.0
98	25337656	Melhem-Medekiciltme44	44.0	recorded/Radio/2026-08-03/2026-08-03-23-00-08_real_fm_srv6-61min.mp3	1312	1356.0
99	25337657	Melhem-Medekiciltme44	44.0	recorded/Radio/2026-08-03/2026-08-03-23-00-08_real_fm_srv6-61min.mp3	3134	3178.0
100	25340125	Melhem-Medekiciltme44	44.0	recorded/Radio/2026-08-04/2026-08-04-07-00-08_real_fm_srv6-61min.mp3	3087	3131.0
101	25340627	Melhem-Medekiciltme44	44.0	recorded/Radio/2026-08-04/2026-08-04-08-00-08_real_fm_srv6-61min.mp3	1357	1401.0
102	25340629	Melhem-Medekiciltme44	44.0	recorded/Radio/2026-08-04/2026-08-04-08-00-08_real_fm_srv6-61min.mp3	3231	3275.0
103	25341655	Melhem-Medekiciltme44	44.0	recorded/Radio/2026-08-04/2026-08-04-09-00-08_real_fm_srv6-61min.mp3	1468	1512.0
104	25341656	Melhem-Medekiciltme44	44.0	recorded/Radio/2026-08-04/2026-08-04-09-00-08_real_fm_srv6-61min.mp3	3377	3421.0
105	25343074	Melhem-Medekiciltme44	44.0	recorded/Radio/2026-08-04/2026-08-04-10-00-08_real_fm_srv6-61min.mp3	1250	1294.0
106	25343076	Melhem-Medekiciltme44	44.0	recorded/Radio/2026-08-04/2026-08-04-10-00-08_real_fm_srv6-61min.mp3	3362	3406.0
107	25344145	Melhem-Medekiciltme44	44.0	recorded/Radio/2026-08-04/2026-08-04-11-00-08_real_fm_srv6-61min.mp3	1357	1401.0
108	25344146	Melhem-Medekiciltme44	44.0	recorded/Radio/2026-08-04/2026-08-04-11-00-08_real_fm_srv6-61min.mp3	3149	3193.0
109	25345192	Melhem-Medekiciltme44	44.0	recorded/Radio/2026-08-04/2026-08-04-12-00-08_real_fm_srv6-61min.mp3	1374	1418.0
110	25345193	Melhem-Medekiciltme44	44.0	recorded/Radio/2026-08-04/2026-08-04-12-00-08_real_fm_srv6-61min.mp3	3164	3208.0
111	25346089	Melhem-Medekiciltme44	44.0	recorded/Radio/2026-08-04/2026-08-04-13-00-08_real_fm_srv6-61min.mp3	1417	1461.0
112	25346090	Melhem-Medekiciltme44	44.0	recorded/Radio/2026-08-04/2026-08-04-13-00-08_real_fm_srv6-61min.mp3	3010	3054.0
113	25347619	Melhem-Medekiciltme44	44.0	recorded/Radio/2026-08-04/2026-08-04-14-00-08_real_fm_srv6-61min.mp3	1449	1493.0
114	25347621	Melhem-Medekiciltme44	44.0	recorded/Radio/2026-08-04/2026-08-04-14-00-08_real_fm_srv6-61min.mp3	3175	3219.0
115	25349365	Melhem-Medekiciltme44	44.0	recorded/Radio/2026-08-04/2026-08-04-15-00-08_real_fm_srv6-61min.mp3	1405	1449.0
116	25349366	Melhem-Medekiciltme44	44.0	recorded/Radio/2026-08-04/2026-08-04-15-00-08_real_fm_srv6-61min.mp3	3177	3221.0
117	25352741	Melhem-Medekiciltme44	44.0	recorded/Radio/2026-08-04/2026-08-04-16-00-08_real_fm_srv6-61min.mp3	1233	1277.0
118	25352742	Melhem-Medekiciltme44	44.0	recorded/Radio/2026-08-04/2026-08-04-16-00-08_real_fm_srv6-61min.mp3	3046	3090.0
119	25354193	Melhem-Medekiciltme44	44.0	recorded/Radio/2026-08-04/2026-08-04-17-00-08_real_fm_srv6-61min.mp3	1286	1330.0
120	25354194	Melhem-Medekiciltme44	44.0	recorded/Radio/2026-08-04/2026-08-04-17-00-08_real_fm_srv6-61min.mp3	3100	3144.0
121	25355185	Melhem-Medekiciltme44	44.0	recorded/Radio/2026-08-04/2026-08-04-18-00-08_real_fm_srv6-61min.mp3	1548	1592.0
122	25355191	Melhem-Medekiciltme44	44.0	recorded/Radio/2026-08-04/2026-08-04-18-00-08_real_fm_srv6-61min.mp3	3150	3194.0
123	25357088	Melhem-Medekiciltme44	44.0	recorded/Radio/2026-08-04/2026-08-04-19-00-08_real_fm_srv6-61min.mp3	1207	1251.0
124	25357090	Melhem-Medekiciltme44	44.0	recorded/Radio/2026-08-04/2026-08-04-19-00-08_real_fm_srv6-61min.mp3	3230	3274.0
125	25358472	Melhem-Medekiciltme44	44.0	recorded/Radio/2026-08-04/2026-08-04-20-00-08_real_fm_srv6-61min.mp3	1521	1565.0
126	25358473	Melhem-Medekiciltme44	44.0	recorded/Radio/2026-08-04/2026-08-04-20-00-08_real_fm_srv6-61min.mp3	3212	3256.0
127	25359582	Melhem-Medekiciltme44	44.0	recorded/Radio/2026-08-04/2026-08-04-21-00-08_real_fm_srv6-61min.mp3	1226	1270.0
128	25359583	Melhem-Medekiciltme44	44.0	recorded/Radio/2026-08-04/2026-08-04-21-00-08_real_fm_srv6-61min.mp3	3168	3212.0
129	25360276	Melhem-Medekiciltme44	44.0	recorded/Radio/2026-08-04/2026-08-04-22-00-08_real_fm_srv6-61min.mp3	1251	1295.0
130	25360277	Melhem-Medekiciltme44	44.0	recorded/Radio/2026-08-04/2026-08-04-22-00-08_real_fm_srv6-61min.mp3	3094	3138.0
131	25360772	Melhem-Medekiciltme44	44.0	recorded/Radio/2026-08-04/2026-08-04-23-00-08_real_fm_srv6-61min.mp3	1382	1426.0
132	25360773	Melhem-Medekiciltme44	44.0	recorded/Radio/2026-08-04/2026-08-04-23-00-08_real_fm_srv6-61min.mp3	3018	3062.0
133	25361965	Melhem-Medekiciltme44	44.0	recorded/Radio/2026-08-05/2026-08-05-07-00-08_real_fm_srv6-61min.mp3	3065	3109.0
134	25362511	Melhem-Medekiciltme44	44.0	recorded/Radio/2026-08-05/2026-08-05-08-00-09_real_fm_srv6-61min.mp3	1415	1459.0
135	25362513	Melhem-Medekiciltme44	44.0	recorded/Radio/2026-08-05/2026-08-05-08-00-09_real_fm_srv6-61min.mp3	3439	3483.0
136	25363575	Melhem-Medekiciltme44	44.0	recorded/Radio/2026-08-05/2026-08-05-09-00-08_real_fm_srv6-61min.mp3	1406	1450.0
137	25365145	Melhem-Medekiciltme44	44.0	recorded/Radio/2026-08-05/2026-08-05-10-00-08_real_fm_srv6-61min.mp3	1349	1393.0
138	25365147	Melhem-Medekiciltme44	44.0	recorded/Radio/2026-08-05/2026-08-05-10-00-08_real_fm_srv6-61min.mp3	3259	3303.0
139	25366361	Melhem-Medekiciltme44	44.0	recorded/Radio/2026-08-05/2026-08-05-11-00-08_real_fm_srv6-61min.mp3	1327	1371.0
140	25366362	Melhem-Medekiciltme44	44.0	recorded/Radio/2026-08-05/2026-08-05-11-00-08_real_fm_srv6-61min.mp3	3091	3135.0
141	25367446	Melhem-Medekiciltme44	44.0	recorded/Radio/2026-08-05/2026-08-05-12-00-08_real_fm_srv6-61min.mp3	1524	1568.0
142	25367447	Melhem-Medekiciltme44	44.0	recorded/Radio/2026-08-05/2026-08-05-12-00-08_real_fm_srv6-61min.mp3	3031	3075.0
143	25384182	Melhem-Medekiciltme44	44.0	recorded/Radio/2026-08-05/2026-08-05-13-00-08_real_fm_srv6-61min.mp3	1227	1271.0
144	25384183	Melhem-Medekiciltme44	44.0	recorded/Radio/2026-08-05/2026-08-05-13-00-08_real_fm_srv6-61min.mp3	3236	3280.0
145	25385009	Melhem-Medekiciltme44	44.0	recorded/Radio/2026-08-05/2026-08-05-14-00-07_real_fm_srv6-61min.mp3	1357	1401.0
146	25385019	Melhem-Medekiciltme44	44.0	recorded/Radio/2026-08-05/2026-08-05-14-00-07_real_fm_srv6-61min.mp3	3109	3153.0
147	25384360	Melhem-Medekiciltme44	44.0	recorded/Radio/2026-08-05/2026-08-05-15-00-08_real_fm_srv6-61min.mp3	1291	1335.0
148	25384361	Melhem-Medekiciltme44	44.0	recorded/Radio/2026-08-05/2026-08-05-15-00-08_real_fm_srv6-61min.mp3	3284	3328.0
149	25385683	Melhem-Medekiciltme44	44.0	recorded/Radio/2026-08-05/2026-08-05-16-00-08_real_fm_srv6-61min.mp3	1237	1281.0
150	25385685	Melhem-Medekiciltme44	44.0	recorded/Radio/2026-08-05/2026-08-05-16-00-08_real_fm_srv6-61min.mp3	3073	3117.0
151	25386999	Melhem-Medekiciltme44	44.0	recorded/Radio/2026-08-05/2026-08-05-17-00-08_real_fm_srv6-61min.mp3	1260	1304.0
152	25387003	Melhem-Medekiciltme44	44.0	recorded/Radio/2026-08-05/2026-08-05-17-00-08_real_fm_srv6-61min.mp3	3202	3246.0
153	25385628	Melhem-Medekiciltme44	44.0	recorded/Radio/2026-08-05/2026-08-05-18-00-07_real_fm_srv6-61min.mp3	1746	1790.0
154	25385631	Melhem-Medekiciltme44	44.0	recorded/Radio/2026-08-05/2026-08-05-18-00-07_real_fm_srv6-61min.mp3	3120	3164.0
155	25386211	Melhem-Medekiciltme44	44.0	recorded/Radio/2026-08-05/2026-08-05-19-00-08_real_fm_srv6-61min.mp3	1698	1742.0
156	25386217	Melhem-Medekiciltme44	44.0	recorded/Radio/2026-08-05/2026-08-05-19-00-08_real_fm_srv6-61min.mp3	3348	3392.0
157	25391579	Melhem-Medekiciltme44	44.0	recorded/Radio/2026-08-05/2026-08-05-20-00-08_real_fm_srv6-61min.mp3	1259	1303.0
158	25391585	Melhem-Medekiciltme44	44.0	recorded/Radio/2026-08-05/2026-08-05-20-00-08_real_fm_srv6-61min.mp3	3068	3112.0
159	25392685	Melhem-Medekiciltme44	44.0	recorded/Radio/2026-08-05/2026-08-05-21-00-08_real_fm_srv6-61min.mp3	1326	1370.0
160	25392688	Melhem-Medekiciltme44	44.0	recorded/Radio/2026-08-05/2026-08-05-21-00-08_real_fm_srv6-61min.mp3	3054	3098.0
161	25393289	Melhem-Medekiciltme44	44.0	recorded/Radio/2026-08-05/2026-08-05-22-00-08_real_fm_srv6-61min.mp3	1380	1424.0
162	25393291	Melhem-Medekiciltme44	44.0	recorded/Radio/2026-08-05/2026-08-05-22-00-08_real_fm_srv6-61min.mp3	3026	3070.0
163	25393754	Melhem-Medekiciltme44	44.0	recorded/Radio/2026-08-05/2026-08-05-23-00-08_real_fm_srv6-61min.mp3	1305	1349.0
164	25393756	Melhem-Medekiciltme44	44.0	recorded/Radio/2026-08-05/2026-08-05-23-00-08_real_fm_srv6-61min.mp3	3010	3054.0
165	25395951	Melhem-Medekiciltme44	44.0	recorded/Radio/2026-08-06/2026-08-06-07-00-08_real_fm_srv6-61min.mp3	3039	3083.0
166	25396520	Melhem-Medekiciltme44	44.0	recorded/Radio/2026-08-06/2026-08-06-08-00-09_real_fm_srv6-61min.mp3	1405	1449.0
167	25396521	Melhem-Medekiciltme44	44.0	recorded/Radio/2026-08-06/2026-08-06-08-00-09_real_fm_srv6-61min.mp3	3345	3389.0
168	25398285	Melhem-Medekiciltme44	44.0	recorded/Radio/2026-08-06/2026-08-06-09-00-08_real_fm_srv6-61min.mp3	1251	1295.0
169	25398288	Melhem-Medekiciltme44	44.0	recorded/Radio/2026-08-06/2026-08-06-09-00-08_real_fm_srv6-61min.mp3	3402	3446.0
170	25399727	Melhem-Medekiciltme44	44.0	recorded/Radio/2026-08-06/2026-08-06-10-00-08_real_fm_srv6-61min.mp3	1271	1315.0
171	25399730	Melhem-Medekiciltme44	44.0	recorded/Radio/2026-08-06/2026-08-06-10-00-08_real_fm_srv6-61min.mp3	3011	3055.0
172	25401479	Melhem-Medekiciltme44	44.0	recorded/Radio/2026-08-06/2026-08-06-11-00-08_real_fm_srv6-61min.mp3	1216	1260.0
173	25401482	Melhem-Medekiciltme44	44.0	recorded/Radio/2026-08-06/2026-08-06-11-00-08_real_fm_srv6-61min.mp3	3164	3208.0
174	25403562	Melhem-Medekiciltme44	44.0	recorded/Radio/2026-08-06/2026-08-06-12-00-09_real_fm_srv6-61min.mp3	1256	1300.0
175	25403564	Melhem-Medekiciltme44	44.0	recorded/Radio/2026-08-06/2026-08-06-12-00-09_real_fm_srv6-61min.mp3	3178	3222.0
176	25405098	Melhem-Medekiciltme44	44.0	recorded/Radio/2026-08-06/2026-08-06-13-00-08_real_fm_srv6-61min.mp3	1318	1362.0
177	25405100	Melhem-Medekiciltme44	44.0	recorded/Radio/2026-08-06/2026-08-06-13-00-08_real_fm_srv6-61min.mp3	3044	3088.0
178	25406605	Melhem-Medekiciltme44	44.0	recorded/Radio/2026-08-06/2026-08-06-14-00-08_real_fm_srv6-61min.mp3	1312	1356.0
179	25406608	Melhem-Medekiciltme44	44.0	recorded/Radio/2026-08-06/2026-08-06-14-00-08_real_fm_srv6-61min.mp3	3103	3147.0
180	25407463	Melhem-Medekiciltme44	44.0	recorded/Radio/2026-08-06/2026-08-06-15-00-08_real_fm_srv6-61min.mp3	1265	1309.0
181	25407464	Melhem-Medekiciltme44	44.0	recorded/Radio/2026-08-06/2026-08-06-15-00-08_real_fm_srv6-61min.mp3	3023	3067.0
182	25411960	Melhem-Medekiciltme44	44.0	recorded/Radio/2026-08-06/2026-08-06-16-00-08_real_fm_srv6-61min.mp3	1311	1355.0
183	25411963	Melhem-Medekiciltme44	44.0	recorded/Radio/2026-08-06/2026-08-06-16-00-08_real_fm_srv6-61min.mp3	3187	3231.0
184	25415626	Melhem-Medekiciltme44	44.0	recorded/Radio/2026-08-06/2026-08-06-17-00-09_real_fm_srv6-61min.mp3	1191	1235.0
185	25415628	Melhem-Medekiciltme44	44.0	recorded/Radio/2026-08-06/2026-08-06-17-00-09_real_fm_srv6-61min.mp3	3239	3283.0
186	25419230	Melhem-Medekiciltme44	44.0	recorded/Radio/2026-08-06/2026-08-06-18-00-08_real_fm_srv6-61min.mp3	1358	1402.0
187	25419232	Melhem-Medekiciltme44	44.0	recorded/Radio/2026-08-06/2026-08-06-18-00-08_real_fm_srv6-61min.mp3	2900	2944.0
188	25423236	Melhem-Medekiciltme44	44.0	recorded/Radio/2026-08-06/2026-08-06-19-00-09_real_fm_srv6-61min.mp3	1171	1215.0
189	25423237	Melhem-Medekiciltme44	44.0	recorded/Radio/2026-08-06/2026-08-06-19-00-09_real_fm_srv6-61min.mp3	3292	3336.0
190	25427188	Melhem-Medekiciltme44	44.0	recorded/Radio/2026-08-06/2026-08-06-20-00-09_real_fm_srv6-61min.mp3	1266	1310.0
191	25427191	Melhem-Medekiciltme44	44.0	recorded/Radio/2026-08-06/2026-08-06-20-00-09_real_fm_srv6-61min.mp3	3061	3105.0
192	25430290	Melhem-Medekiciltme44	44.0	recorded/Radio/2026-08-06/2026-08-06-21-00-08_real_fm_srv6-61min.mp3	1388	1432.0
193	25430291	Melhem-Medekiciltme44	44.0	recorded/Radio/2026-08-06/2026-08-06-21-00-08_real_fm_srv6-61min.mp3	3036	3080.0
194	25433233	Melhem-Medekiciltme44	44.0	recorded/Radio/2026-08-06/2026-08-06-22-00-08_real_fm_srv6-61min.mp3	1235	1279.0
195	25433235	Melhem-Medekiciltme44	44.0	recorded/Radio/2026-08-06/2026-08-06-22-00-08_real_fm_srv6-61min.mp3	3018	3062.0
196	25436032	Melhem-Medekiciltme44	44.0	recorded/Radio/2026-08-06/2026-08-06-23-00-09_real_fm_srv6-61min.mp3	1344	1388.0
197	25436033	Melhem-Medekiciltme44	44.0	recorded/Radio/2026-08-06/2026-08-06-23-00-09_real_fm_srv6-61min.mp3	3027	3071.0
198	25452812	Melhem-Medekiciltme44	44.0	recorded/Radio/2026-08-07/2026-08-07-07-00-08_real_fm_srv6-61min.mp3	3029	3073.0
199	25454945	Melhem-Medekiciltme44	44.0	recorded/Radio/2026-08-07/2026-08-07-08-00-08_real_fm_srv6-61min.mp3	1269	1313.0
200	25454948	Melhem-Medekiciltme44	44.0	recorded/Radio/2026-08-07/2026-08-07-08-00-08_real_fm_srv6-61min.mp3	3434	3478.0
201	25457708	Melhem-Medekiciltme44	44.0	recorded/Radio/2026-08-07/2026-08-07-09-00-09_real_fm_srv6-61min.mp3	1391	1435.0
202	25457710	Melhem-Medekiciltme44	44.0	recorded/Radio/2026-08-07/2026-08-07-09-00-09_real_fm_srv6-61min.mp3	3234	3278.0
203	25459888	Melhem-Medekiciltme44	44.0	recorded/Radio/2026-08-07/2026-08-07-10-00-08_real_fm_srv6-61min.mp3	1354	1398.0
204	25459890	Melhem-Medekiciltme44	44.0	recorded/Radio/2026-08-07/2026-08-07-10-00-08_real_fm_srv6-61min.mp3	3446	3490.0
205	25462852	Melhem-Medekiciltme44	44.0	recorded/Radio/2026-08-07/2026-08-07-11-00-08_real_fm_srv6-61min.mp3	1246	1290.0
206	25462855	Melhem-Medekiciltme44	44.0	recorded/Radio/2026-08-07/2026-08-07-11-00-08_real_fm_srv6-61min.mp3	3123	3167.0
207	25465070	Melhem-Medekiciltme44	44.0	recorded/Radio/2026-08-07/2026-08-07-12-00-08_real_fm_srv6-61min.mp3	1297	1341.0
208	25465072	Melhem-Medekiciltme44	44.0	recorded/Radio/2026-08-07/2026-08-07-12-00-08_real_fm_srv6-61min.mp3	3006	3050.0
209	25467160	Melhem-Medekiciltme44	44.0	recorded/Radio/2026-08-07/2026-08-07-13-00-08_real_fm_srv6-61min.mp3	1366	1410.0
210	25467163	Melhem-Medekiciltme44	44.0	recorded/Radio/2026-08-07/2026-08-07-13-00-08_real_fm_srv6-61min.mp3	3073	3117.0
211	25471338	Melhem-Medekiciltme44	44.0	recorded/Radio/2026-08-07/2026-08-07-14-00-08_real_fm_srv6-61min.mp3	1283	1327.0
212	25471341	Melhem-Medekiciltme44	44.0	recorded/Radio/2026-08-07/2026-08-07-14-00-08_real_fm_srv6-61min.mp3	3199	3243.0
213	25473824	Melhem-Medekiciltme44	44.0	recorded/Radio/2026-08-07/2026-08-07-15-00-08_real_fm_srv6-61min.mp3	1463	1507.0
214	25473827	Melhem-Medekiciltme44	44.0	recorded/Radio/2026-08-07/2026-08-07-15-00-08_real_fm_srv6-61min.mp3	3211	3255.0
215	25475048	Melhem-Medekiciltme44	44.0	recorded/Radio/2026-08-07/2026-08-07-16-00-09_real_fm_srv6-61min.mp3	1349	1393.0
216	25475049	Melhem-Medekiciltme44	44.0	recorded/Radio/2026-08-07/2026-08-07-16-00-09_real_fm_srv6-61min.mp3	3152	3196.0
217	25478307	Melhem-Medekiciltme44	44.0	recorded/Radio/2026-08-07/2026-08-07-17-00-08_real_fm_srv6-61min.mp3	1409	1453.0
218	25478309	Melhem-Medekiciltme44	44.0	recorded/Radio/2026-08-07/2026-08-07-17-00-08_real_fm_srv6-61min.mp3	3047	3091.0
219	25480565	Melhem-Medekiciltme44	44.0	recorded/Radio/2026-08-07/2026-08-07-18-00-08_real_fm_srv6-61min.mp3	1327	1371.0
220	25480566	Melhem-Medekiciltme44	44.0	recorded/Radio/2026-08-07/2026-08-07-18-00-08_real_fm_srv6-61min.mp3	3091	3135.0
221	25482900	Melhem-Medekiciltme44	44.0	recorded/Radio/2026-08-07/2026-08-07-19-00-08_real_fm_srv6-61min.mp3	1242	1286.0
222	25482901	Melhem-Medekiciltme44	44.0	recorded/Radio/2026-08-07/2026-08-07-19-00-08_real_fm_srv6-61min.mp3	3033	3077.0
223	25485430	Melhem-Medekiciltme44	44.0	recorded/Radio/2026-08-07/2026-08-07-20-00-08_real_fm_srv6-61min.mp3	1501	1545.0
224	25485431	Melhem-Medekiciltme44	44.0	recorded/Radio/2026-08-07/2026-08-07-20-00-08_real_fm_srv6-61min.mp3	3109	3153.0
225	25487599	Melhem-Medekiciltme44	44.0	recorded/Radio/2026-08-07/2026-08-07-21-00-08_real_fm_srv6-61min.mp3	1313	1357.0
226	25487600	Melhem-Medekiciltme44	44.0	recorded/Radio/2026-08-07/2026-08-07-21-00-08_real_fm_srv6-61min.mp3	3090	3134.0
227	25489358	Melhem-Medekiciltme44	44.0	recorded/Radio/2026-08-07/2026-08-07-22-00-08_real_fm_srv6-61min.mp3	1418	1462.0
228	25489359	Melhem-Medekiciltme44	44.0	recorded/Radio/2026-08-07/2026-08-07-22-00-08_real_fm_srv6-61min.mp3	3087	3131.0
229	25490761	Melhem-Medekiciltme44	44.0	recorded/Radio/2026-08-07/2026-08-07-23-00-08_real_fm_srv6-61min.mp3	1372	1416.0
230	25490762	Melhem-Medekiciltme44	44.0	recorded/Radio/2026-08-07/2026-08-07-23-00-08_real_fm_srv6-61min.mp3	3097	3141.0
231	25493449	Melhem-Medekiciltme44	44.0	recorded/Radio/2026-08-08/2026-08-08-07-00-08_real_fm_srv6-61min.mp3	3016	3060.0
232	25493806	Melhem-Medekiciltme44	44.0	recorded/Radio/2026-08-08/2026-08-08-08-00-08_real_fm_srv6-61min.mp3	1489	1533.0
233	25493807	Melhem-Medekiciltme44	44.0	recorded/Radio/2026-08-08/2026-08-08-08-00-08_real_fm_srv6-61min.mp3	3032	3076.0
234	25494673	Melhem-Medekiciltme44	44.0	recorded/Radio/2026-08-08/2026-08-08-09-00-08_real_fm_srv6-61min.mp3	1370	1414.0
235	25494674	Melhem-Medekiciltme44	44.0	recorded/Radio/2026-08-08/2026-08-08-09-00-08_real_fm_srv6-61min.mp3	3071	3115.0
236	25495590	Melhem-Medekiciltme44	44.0	recorded/Radio/2026-08-08/2026-08-08-10-00-08_real_fm_srv6-61min.mp3	1242	1286.0
237	25495591	Melhem-Medekiciltme44	44.0	recorded/Radio/2026-08-08/2026-08-08-10-00-08_real_fm_srv6-61min.mp3	3133	3177.0
238	25496684	Melhem-Medekiciltme44	44.0	recorded/Radio/2026-08-08/2026-08-08-11-00-08_real_fm_srv6-61min.mp3	1370	1414.0
239	25496685	Melhem-Medekiciltme44	44.0	recorded/Radio/2026-08-08/2026-08-08-11-00-08_real_fm_srv6-61min.mp3	3161	3205.0
240	25497889	Melhem-Medekiciltme44	44.0	recorded/Radio/2026-08-08/2026-08-08-12-00-08_real_fm_srv6-61min.mp3	1261	1305.0
241	25497892	Melhem-Medekiciltme44	44.0	recorded/Radio/2026-08-08/2026-08-08-12-00-08_real_fm_srv6-61min.mp3	3018	3062.0
242	25499111	Melhem-Medekiciltme44	44.0	recorded/Radio/2026-08-08/2026-08-08-13-00-08_real_fm_srv6-61min.mp3	1436	1480.0
243	25499114	Melhem-Medekiciltme44	44.0	recorded/Radio/2026-08-08/2026-08-08-13-00-08_real_fm_srv6-61min.mp3	3142	3186.0
244	25500021	Melhem-Medekiciltme44	44.0	recorded/Radio/2026-08-08/2026-08-08-14-00-08_real_fm_srv6-61min.mp3	1276	1320.0
245	25500022	Melhem-Medekiciltme44	44.0	recorded/Radio/2026-08-08/2026-08-08-14-00-08_real_fm_srv6-61min.mp3	3163	3207.0
246	25501053	Melhem-Medekiciltme44	44.0	recorded/Radio/2026-08-08/2026-08-08-15-00-09_real_fm_srv6-61min.mp3	1535	1579.0
247	25501054	Melhem-Medekiciltme44	44.0	recorded/Radio/2026-08-08/2026-08-08-15-00-09_real_fm_srv6-61min.mp3	3504	3548.0
248	25502062	Melhem-Medekiciltme44	44.0	recorded/Radio/2026-08-08/2026-08-08-16-00-08_real_fm_srv6-61min.mp3	1579	1623.0
249	25502063	Melhem-Medekiciltme44	44.0	recorded/Radio/2026-08-08/2026-08-08-16-00-08_real_fm_srv6-61min.mp3	3039	3083.0
250	25503539	Melhem-Medekiciltme44	44.0	recorded/Radio/2026-08-08/2026-08-08-17-00-08_real_fm_srv6-61min.mp3	1333	1377.0
251	25503541	Melhem-Medekiciltme44	44.0	recorded/Radio/2026-08-08/2026-08-08-17-00-08_real_fm_srv6-61min.mp3	3092	3136.0
252	25504244	Melhem-Medekiciltme44	44.0	recorded/Radio/2026-08-08/2026-08-08-18-00-08_real_fm_srv6-61min.mp3	1374	1418.0
253	25504245	Melhem-Medekiciltme44	44.0	recorded/Radio/2026-08-08/2026-08-08-18-00-08_real_fm_srv6-61min.mp3	3164	3208.0
254	25505576	Melhem-Medekiciltme44	44.0	recorded/Radio/2026-08-08/2026-08-08-19-00-08_real_fm_srv6-61min.mp3	1331	1375.0
255	25505579	Melhem-Medekiciltme44	44.0	recorded/Radio/2026-08-08/2026-08-08-19-00-08_real_fm_srv6-61min.mp3	3292	3336.0
256	25506705	Melhem-Medekiciltme44	44.0	recorded/Radio/2026-08-08/2026-08-08-20-00-08_real_fm_srv6-61min.mp3	1320	1364.0
257	25506707	Melhem-Medekiciltme44	44.0	recorded/Radio/2026-08-08/2026-08-08-20-00-08_real_fm_srv6-61min.mp3	3020	3064.0
258	25507453	Melhem-Medekiciltme44	44.0	recorded/Radio/2026-08-08/2026-08-08-21-00-08_real_fm_srv6-61min.mp3	1255	1299.0
259	25507454	Melhem-Medekiciltme44	44.0	recorded/Radio/2026-08-08/2026-08-08-21-00-08_real_fm_srv6-61min.mp3	2992	3036.0
260	25508148	Melhem-Medekiciltme44	44.0	recorded/Radio/2026-08-08/2026-08-08-22-00-08_real_fm_srv6-61min.mp3	1316	1360.0
261	25508149	Melhem-Medekiciltme44	44.0	recorded/Radio/2026-08-08/2026-08-08-22-00-08_real_fm_srv6-61min.mp3	3103	3147.0
262	25508723	Melhem-Medekiciltme44	44.0	recorded/Radio/2026-08-08/2026-08-08-23-00-09_real_fm_srv6-61min.mp3	1341	1385.0
263	25508724	Melhem-Medekiciltme44	44.0	recorded/Radio/2026-08-08/2026-08-08-23-00-09_real_fm_srv6-61min.mp3	3051	3095.0
264	25509935	Melhem-Medekiciltme44	44.0	recorded/Radio/2026-08-09/2026-08-09-07-00-08_real_fm_srv6-61min.mp3	3077	3121.0
265	25510366	Melhem-Medekiciltme44	44.0	recorded/Radio/2026-08-09/2026-08-09-08-00-08_real_fm_srv6-61min.mp3	1366	1410.0
266	25510370	Melhem-Medekiciltme44	44.0	recorded/Radio/2026-08-09/2026-08-09-08-00-08_real_fm_srv6-61min.mp3	3062	3106.0
267	25511002	Melhem-Medekiciltme44	44.0	recorded/Radio/2026-08-09/2026-08-09-09-00-08_real_fm_srv6-61min.mp3	1260	1304.0
268	25511003	Melhem-Medekiciltme44	44.0	recorded/Radio/2026-08-09/2026-08-09-09-00-08_real_fm_srv6-61min.mp3	3134	3178.0
269	25512184	Melhem-Medekiciltme44	44.0	recorded/Radio/2026-08-09/2026-08-09-10-00-08_real_fm_srv6-61min.mp3	1340	1384.0
270	25512187	Melhem-Medekiciltme44	44.0	recorded/Radio/2026-08-09/2026-08-09-10-00-08_real_fm_srv6-61min.mp3	3041	3085.0
271	25513139	Melhem-Medekiciltme44	44.0	recorded/Radio/2026-08-09/2026-08-09-11-00-08_real_fm_srv6-61min.mp3	1303	1347.0
272	25513140	Melhem-Medekiciltme44	44.0	recorded/Radio/2026-08-09/2026-08-09-11-00-08_real_fm_srv6-61min.mp3	3132	3176.0
273	25514242	Melhem-Medekiciltme44	44.0	recorded/Radio/2026-08-09/2026-08-09-12-00-08_real_fm_srv6-61min.mp3	1378	1422.0
274	25514243	Melhem-Medekiciltme44	44.0	recorded/Radio/2026-08-09/2026-08-09-12-00-08_real_fm_srv6-61min.mp3	3080	3124.0
275	25515491	Melhem-Medekiciltme44	44.0	recorded/Radio/2026-08-09/2026-08-09-13-00-08_real_fm_srv6-61min.mp3	1419	1463.0
276	25515495	Melhem-Medekiciltme44	44.0	recorded/Radio/2026-08-09/2026-08-09-13-00-08_real_fm_srv6-61min.mp3	3099	3143.0
277	25516673	Melhem-Medekiciltme44	44.0	recorded/Radio/2026-08-09/2026-08-09-14-00-08_real_fm_srv6-61min.mp3	3298	3342.0
278	25517501	Melhem-Medekiciltme44	44.0	recorded/Radio/2026-08-09/2026-08-09-15-00-08_real_fm_srv6-61min.mp3	1360	1404.0
279	25517502	Melhem-Medekiciltme44	44.0	recorded/Radio/2026-08-09/2026-08-09-15-00-08_real_fm_srv6-61min.mp3	3037	3081.0
280	25518881	Melhem-Medekiciltme44	44.0	recorded/Radio/2026-08-09/2026-08-09-16-00-08_real_fm_srv6-61min.mp3	1407	1451.0
281	25518885	Melhem-Medekiciltme44	44.0	recorded/Radio/2026-08-09/2026-08-09-16-00-08_real_fm_srv6-61min.mp3	2988	3032.0
282	25519872	Melhem-Medekiciltme44	44.0	recorded/Radio/2026-08-09/2026-08-09-17-00-08_real_fm_srv6-61min.mp3	1394	1438.0
283	25519874	Melhem-Medekiciltme44	44.0	recorded/Radio/2026-08-09/2026-08-09-17-00-08_real_fm_srv6-61min.mp3	3087	3131.0
284	25521078	Melhem-Medekiciltme44	44.0	recorded/Radio/2026-08-09/2026-08-09-18-00-08_real_fm_srv6-61min.mp3	1311	1355.0
285	25521081	Melhem-Medekiciltme44	44.0	recorded/Radio/2026-08-09/2026-08-09-18-00-08_real_fm_srv6-61min.mp3	3051	3095.0
286	25522314	Melhem-Medekiciltme44	44.0	recorded/Radio/2026-08-09/2026-08-09-19-00-08_real_fm_srv6-61min.mp3	1308	1352.0
287	25522317	Melhem-Medekiciltme44	44.0	recorded/Radio/2026-08-09/2026-08-09-19-00-08_real_fm_srv6-61min.mp3	3077	3121.0
288	25523595	Melhem-Medekiciltme44	44.0	recorded/Radio/2026-08-09/2026-08-09-20-00-08_real_fm_srv6-61min.mp3	1415	1459.0
289	25523597	Melhem-Medekiciltme44	44.0	recorded/Radio/2026-08-09/2026-08-09-20-00-08_real_fm_srv6-61min.mp3	3091	3135.0
290	25524701	Melhem-Medekiciltme44	44.0	recorded/Radio/2026-08-09/2026-08-09-21-00-08_real_fm_srv6-61min.mp3	1359	1403.0
291	25524702	Melhem-Medekiciltme44	44.0	recorded/Radio/2026-08-09/2026-08-09-21-00-08_real_fm_srv6-61min.mp3	3185	3229.0
292	25525383	Melhem-Medekiciltme44	44.0	recorded/Radio/2026-08-09/2026-08-09-22-00-08_real_fm_srv6-61min.mp3	1358	1402.0
293	25525384	Melhem-Medekiciltme44	44.0	recorded/Radio/2026-08-09/2026-08-09-22-00-08_real_fm_srv6-61min.mp3	3212	3256.0
294	25525840	Melhem-Medekiciltme44	44.0	recorded/Radio/2026-08-09/2026-08-09-23-00-08_real_fm_srv6-61min.mp3	1230	1274.0
295	25525841	Melhem-Medekiciltme44	44.0	recorded/Radio/2026-08-09/2026-08-09-23-00-08_real_fm_srv6-61min.mp3	3043	3087.0
296	25526893	Melhem-Medekiciltme44	44.0	recorded/Radio/2026-08-10/2026-08-10-07-00-08_real_fm_srv6-61min.mp3	3027	3071.0
297	25527354	Melhem-Medekiciltme44	44.0	recorded/Radio/2026-08-10/2026-08-10-08-00-08_real_fm_srv6-61min.mp3	1538	1582.0
298	25527355	Melhem-Medekiciltme44	44.0	recorded/Radio/2026-08-10/2026-08-10-08-00-08_real_fm_srv6-61min.mp3	3116	3160.0
299	25528992	Melhem-Medekiciltme44	44.0	recorded/Radio/2026-08-10/2026-08-10-09-00-08_real_fm_srv6-61min.mp3	1310	1354.0
300	25528994	Melhem-Medekiciltme44	44.0	recorded/Radio/2026-08-10/2026-08-10-09-00-08_real_fm_srv6-61min.mp3	3308	3352.0
301	25533703	Melhem-Medekiciltme44	44.0	recorded/Radio/2026-08-10/2026-08-10-10-00-08_real_fm_srv6-61min.mp3	1394	1438.0
302	25533704	Melhem-Medekiciltme44	44.0	recorded/Radio/2026-08-10/2026-08-10-10-00-08_real_fm_srv6-61min.mp3	2964	3008.0
303	25537193	Melhem-Medekiciltme44	44.0	recorded/Radio/2026-08-10/2026-08-10-11-00-09_real_fm_srv6-61min.mp3	1321	1365.0
304	25537194	Melhem-Medekiciltme44	44.0	recorded/Radio/2026-08-10/2026-08-10-11-00-09_real_fm_srv6-61min.mp3	3112	3156.0
305	25543097	Melhem-Medekiciltme44	44.0	recorded/Radio/2026-08-10/2026-08-10-12-00-09_real_fm_srv6-61min.mp3	1354	1398.0
306	25543099	Melhem-Medekiciltme44	44.0	recorded/Radio/2026-08-10/2026-08-10-12-00-09_real_fm_srv6-61min.mp3	2997	3041.0
307	25548363	Melhem-Medekiciltme44	44.0	recorded/Radio/2026-08-10/2026-08-10-13-00-08_real_fm_srv6-61min.mp3	1275	1319.0
308	25548368	Melhem-Medekiciltme44	44.0	recorded/Radio/2026-08-10/2026-08-10-13-00-08_real_fm_srv6-61min.mp3	3159	3203.0
309	25551698	Melhem-Medekiciltme44	44.0	recorded/Radio/2026-08-10/2026-08-10-14-00-08_real_fm_srv6-61min.mp3	1267	1311.0
310	25551700	Melhem-Medekiciltme44	44.0	recorded/Radio/2026-08-10/2026-08-10-14-00-08_real_fm_srv6-61min.mp3	3037	3081.0
311	25554679	Melhem-Medekiciltme44	44.0	recorded/Radio/2026-08-10/2026-08-10-15-00-08_real_fm_srv6-61min.mp3	1265	1309.0
312	25554681	Melhem-Medekiciltme44	44.0	recorded/Radio/2026-08-10/2026-08-10-15-00-08_real_fm_srv6-61min.mp3	3190	3234.0
313	25558981	Melhem-Medekiciltme44	44.0	recorded/Radio/2026-08-10/2026-08-10-16-00-08_real_fm_srv6-61min.mp3	1413	1457.0
314	25558983	Melhem-Medekiciltme44	44.0	recorded/Radio/2026-08-10/2026-08-10-16-00-08_real_fm_srv6-61min.mp3	3155	3199.0
315	25563668	Melhem-Medekiciltme44	44.0	recorded/Radio/2026-08-10/2026-08-10-17-00-08_real_fm_srv6-61min.mp3	1399	1443.0
316	25563669	Melhem-Medekiciltme44	44.0	recorded/Radio/2026-08-10/2026-08-10-17-00-08_real_fm_srv6-61min.mp3	3088	3132.0
317	25568347	Melhem-Medekiciltme44	44.0	recorded/Radio/2026-08-10/2026-08-10-18-00-08_real_fm_srv6-61min.mp3	1491	1535.0
318	25568349	Melhem-Medekiciltme44	44.0	recorded/Radio/2026-08-10/2026-08-10-18-00-08_real_fm_srv6-61min.mp3	3132	3176.0
319	25573622	Melhem-Medekiciltme44	44.0	recorded/Radio/2026-08-10/2026-08-10-19-00-08_real_fm_srv6-61min.mp3	1505	1549.0
320	25573631	Melhem-Medekiciltme44	44.0	recorded/Radio/2026-08-10/2026-08-10-19-00-08_real_fm_srv6-61min.mp3	3235	3279.0
321	25577689	Melhem-Medekiciltme44	44.0	recorded/Radio/2026-08-10/2026-08-10-20-00-08_real_fm_srv6-61min.mp3	1248	1292.0
322	25577691	Melhem-Medekiciltme44	44.0	recorded/Radio/2026-08-10/2026-08-10-20-00-08_real_fm_srv6-61min.mp3	3074	3118.0
323	25581478	Melhem-Medekiciltme44	44.0	recorded/Radio/2026-08-10/2026-08-10-21-00-08_real_fm_srv6-61min.mp3	1335	1379.0
324	25581479	Melhem-Medekiciltme44	44.0	recorded/Radio/2026-08-10/2026-08-10-21-00-08_real_fm_srv6-61min.mp3	3330	3374.0
325	25585247	Melhem-Medekiciltme44	44.0	recorded/Radio/2026-08-10/2026-08-10-22-00-08_real_fm_srv6-61min.mp3	1401	1445.0
326	25585250	Melhem-Medekiciltme44	44.0	recorded/Radio/2026-08-10/2026-08-10-22-00-08_real_fm_srv6-61min.mp3	3155	3199.0
327	25588390	Melhem-Medekiciltme44	44.0	recorded/Radio/2026-08-10/2026-08-10-23-00-08_real_fm_srv6-61min.mp3	1385	1429.0
328	25588391	Melhem-Medekiciltme44	44.0	recorded/Radio/2026-08-10/2026-08-10-23-00-08_real_fm_srv6-61min.mp3	3135	3179.0
329	25599056	Melhem-Medekiciltme44	44.0	recorded/Radio/2026-08-11/2026-08-11-07-00-08_real_fm_srv6-61min.mp3	3097	3141.0
330	25599609	Melhem-Medekiciltme44	44.0	recorded/Radio/2026-08-11/2026-08-11-08-00-08_real_fm_srv6-61min.mp3	1256	1300.0
331	25599610	Melhem-Medekiciltme44	44.0	recorded/Radio/2026-08-11/2026-08-11-08-00-08_real_fm_srv6-61min.mp3	3231	3275.0
332	25601288	Melhem-Medekiciltme44	44.0	recorded/Radio/2026-08-11/2026-08-11-09-00-08_real_fm_srv6-61min.mp3	1404	1448.0
333	25601291	Melhem-Medekiciltme44	44.0	recorded/Radio/2026-08-11/2026-08-11-09-00-08_real_fm_srv6-61min.mp3	3445	3489.0
334	25602933	Melhem-Medekiciltme44	44.0	recorded/Radio/2026-08-11/2026-08-11-10-00-08_real_fm_srv6-61min.mp3	1345	1389.0
335	25602935	Melhem-Medekiciltme44	44.0	recorded/Radio/2026-08-11/2026-08-11-10-00-08_real_fm_srv6-61min.mp3	2992	3036.0
336	25604025	Melhem-Medekiciltme44	44.0	recorded/Radio/2026-08-11/2026-08-11-11-00-08_real_fm_srv6-61min.mp3	1349	1393.0
337	25604027	Melhem-Medekiciltme44	44.0	recorded/Radio/2026-08-11/2026-08-11-11-00-08_real_fm_srv6-61min.mp3	3288	3332.0
338	25605024	Melhem-Medekiciltme44	44.0	recorded/Radio/2026-08-11/2026-08-11-12-00-08_real_fm_srv6-61min.mp3	1304	1348.0
339	25605025	Melhem-Medekiciltme44	44.0	recorded/Radio/2026-08-11/2026-08-11-12-00-08_real_fm_srv6-61min.mp3	3096	3140.0
340	25606928	Melhem-Medekiciltme44	44.0	recorded/Radio/2026-08-11/2026-08-11-13-00-08_real_fm_srv6-61min.mp3	1445	1489.0
341	25606930	Melhem-Medekiciltme44	44.0	recorded/Radio/2026-08-11/2026-08-11-13-00-08_real_fm_srv6-61min.mp3	3269	3313.0
342	25608237	Melhem-Medekiciltme44	44.0	recorded/Radio/2026-08-11/2026-08-11-14-00-08_real_fm_srv6-61min.mp3	1436	1480.0
343	25608238	Melhem-Medekiciltme44	44.0	recorded/Radio/2026-08-11/2026-08-11-14-00-08_real_fm_srv6-61min.mp3	3157	3201.0
344	25610183	Melhem-Medekiciltme44	44.0	recorded/Radio/2026-08-11/2026-08-11-15-00-08_real_fm_srv6-61min.mp3	1291	1335.0
345	25610185	Melhem-Medekiciltme44	44.0	recorded/Radio/2026-08-11/2026-08-11-15-00-08_real_fm_srv6-61min.mp3	3219	3263.0
346	25611752	Melhem-Medekiciltme44	44.0	recorded/Radio/2026-08-11/2026-08-11-16-00-08_real_fm_srv6-61min.mp3	1364	1408.0
347	25611754	Melhem-Medekiciltme44	44.0	recorded/Radio/2026-08-11/2026-08-11-16-00-08_real_fm_srv6-61min.mp3	3099	3143.0
348	25613198	Melhem-Medekiciltme44	44.0	recorded/Radio/2026-08-11/2026-08-11-17-00-08_real_fm_srv6-61min.mp3	1522	1566.0
349	25613200	Melhem-Medekiciltme44	44.0	recorded/Radio/2026-08-11/2026-08-11-17-00-08_real_fm_srv6-61min.mp3	3280	3324.0
350	25615000	Melhem-Medekiciltme44	44.0	recorded/Radio/2026-08-11/2026-08-11-18-00-08_real_fm_srv6-61min.mp3	1408	1452.0
351	25615004	Melhem-Medekiciltme44	44.0	recorded/Radio/2026-08-11/2026-08-11-18-00-08_real_fm_srv6-61min.mp3	3031	3075.0
352	25616664	Melhem-Medekiciltme44	44.0	recorded/Radio/2026-08-11/2026-08-11-19-00-08_real_fm_srv6-61min.mp3	1493	1537.0
353	25616667	Melhem-Medekiciltme44	44.0	recorded/Radio/2026-08-11/2026-08-11-19-00-08_real_fm_srv6-61min.mp3	3237	3281.0
354	25618151	Melhem-Medekiciltme44	44.0	recorded/Radio/2026-08-11/2026-08-11-20-00-08_real_fm_srv6-61min.mp3	1324	1368.0
355	25618152	Melhem-Medekiciltme44	44.0	recorded/Radio/2026-08-11/2026-08-11-20-00-08_real_fm_srv6-61min.mp3	3111	3155.0
356	25619147	Melhem-Medekiciltme44	44.0	recorded/Radio/2026-08-11/2026-08-11-21-00-09_real_fm_srv6-61min.mp3	1350	1394.0
357	25619149	Melhem-Medekiciltme44	44.0	recorded/Radio/2026-08-11/2026-08-11-21-00-09_real_fm_srv6-61min.mp3	3345	3389.0
358	25620002	Melhem-Medekiciltme44	44.0	recorded/Radio/2026-08-11/2026-08-11-22-00-08_real_fm_srv6-61min.mp3	1382	1426.0
359	25620003	Melhem-Medekiciltme44	44.0	recorded/Radio/2026-08-11/2026-08-11-22-00-08_real_fm_srv6-61min.mp3	3100	3144.0
360	25620511	Melhem-Medekiciltme44	44.0	recorded/Radio/2026-08-11/2026-08-11-23-00-08_real_fm_srv6-61min.mp3	1289	1333.0
361	25620512	Melhem-Medekiciltme44	44.0	recorded/Radio/2026-08-11/2026-08-11-23-00-08_real_fm_srv6-61min.mp3	3063	3107.0
362	25621892	Melhem-Medekiciltme44	44.0	recorded/Radio/2026-08-12/2026-08-12-07-00-08_real_fm_srv6-61min.mp3	3068	3112.0
363	25622570	Melhem-Medekiciltme44	44.0	recorded/Radio/2026-08-12/2026-08-12-08-00-08_real_fm_srv6-61min.mp3	1343	1387.0
364	25622572	Melhem-Medekiciltme44	44.0	recorded/Radio/2026-08-12/2026-08-12-08-00-08_real_fm_srv6-61min.mp3	3053	3097.0
365	25623977	Melhem-Medekiciltme44	44.0	recorded/Radio/2026-08-12/2026-08-12-09-00-08_real_fm_srv6-61min.mp3	1322	1366.0
366	25623979	Melhem-Medekiciltme44	44.0	recorded/Radio/2026-08-12/2026-08-12-09-00-08_real_fm_srv6-61min.mp3	3036	3080.0
367	25625599	Melhem-Medekiciltme44	44.0	recorded/Radio/2026-08-12/2026-08-12-10-00-08_real_fm_srv6-61min.mp3	1414	1458.0
368	25625601	Melhem-Medekiciltme44	44.0	recorded/Radio/2026-08-12/2026-08-12-10-00-08_real_fm_srv6-61min.mp3	3162	3206.0
369	25626760	Melhem-Medekiciltme44	44.0	recorded/Radio/2026-08-12/2026-08-12-11-00-08_real_fm_srv6-61min.mp3	1250	1294.0
370	25626762	Melhem-Medekiciltme44	44.0	recorded/Radio/2026-08-12/2026-08-12-11-00-08_real_fm_srv6-61min.mp3	3062	3106.0
371	25629672	Melhem-Medekiciltme44	44.0	recorded/Radio/2026-08-12/2026-08-12-12-00-08_real_fm_srv6-61min.mp3	1330	1374.0
372	25629675	Melhem-Medekiciltme44	44.0	recorded/Radio/2026-08-12/2026-08-12-12-00-08_real_fm_srv6-61min.mp3	3132	3176.0
373	25634927	Melhem-Medekiciltme44	44.0	recorded/Radio/2026-08-12/2026-08-12-13-00-09_real_fm_srv6-61min.mp3	1302	1346.0
374	25634930	Melhem-Medekiciltme44	44.0	recorded/Radio/2026-08-12/2026-08-12-13-00-09_real_fm_srv6-61min.mp3	3114	3158.0
375	25639431	Melhem-Medekiciltme44	44.0	recorded/Radio/2026-08-12/2026-08-12-14-00-08_real_fm_srv6-61min.mp3	1319	1363.0
376	25639434	Melhem-Medekiciltme44	44.0	recorded/Radio/2026-08-12/2026-08-12-14-00-08_real_fm_srv6-61min.mp3	3153	3197.0
377	25643143	Melhem-Medekiciltme44	44.0	recorded/Radio/2026-08-12/2026-08-12-15-00-09_real_fm_srv6-61min.mp3	1220	1264.0
378	25643145	Melhem-Medekiciltme44	44.0	recorded/Radio/2026-08-12/2026-08-12-15-00-09_real_fm_srv6-61min.mp3	3152	3196.0
379	25646868	Melhem-Medekiciltme44	44.0	recorded/Radio/2026-08-12/2026-08-12-16-00-08_real_fm_srv6-61min.mp3	1387	1431.0
380	25646871	Melhem-Medekiciltme44	44.0	recorded/Radio/2026-08-12/2026-08-12-16-00-08_real_fm_srv6-61min.mp3	3042	3086.0
381	25648241	Melhem-Medekiciltme44	44.0	recorded/Radio/2026-08-12/2026-08-12-17-00-08_real_fm_srv6-61min.mp3	1263	1307.0
382	25648244	Melhem-Medekiciltme44	44.0	recorded/Radio/2026-08-12/2026-08-12-17-00-08_real_fm_srv6-61min.mp3	3081	3125.0
383	25651087	Melhem-Medekiciltme44	44.0	recorded/Radio/2026-08-12/2026-08-12-18-00-08_real_fm_srv6-61min.mp3	1416	1460.0
384	25651089	Melhem-Medekiciltme44	44.0	recorded/Radio/2026-08-12/2026-08-12-18-00-08_real_fm_srv6-61min.mp3	3091	3135.0
385	25654337	Melhem-Medekiciltme44	44.0	recorded/Radio/2026-08-12/2026-08-12-19-00-08_real_fm_srv6-61min.mp3	1224	1268.0
386	25654340	Melhem-Medekiciltme44	44.0	recorded/Radio/2026-08-12/2026-08-12-19-00-08_real_fm_srv6-61min.mp3	3132	3176.0
387	25656983	Melhem-Medekiciltme44	44.0	recorded/Radio/2026-08-12/2026-08-12-20-00-08_real_fm_srv6-61min.mp3	1257	1301.0
388	25656984	Melhem-Medekiciltme44	44.0	recorded/Radio/2026-08-12/2026-08-12-20-00-08_real_fm_srv6-61min.mp3	3011	3055.0
389	25659052	Melhem-Medekiciltme44	44.0	recorded/Radio/2026-08-12/2026-08-12-21-00-09_real_fm_srv6-61min.mp3	1417	1461.0
390	25659053	Melhem-Medekiciltme44	44.0	recorded/Radio/2026-08-12/2026-08-12-21-00-09_real_fm_srv6-61min.mp3	3036	3080.0
391	25661117	Melhem-Medekiciltme44	44.0	recorded/Radio/2026-08-12/2026-08-12-22-00-07_real_fm_srv6-61min.mp3	1391	1435.0
392	25661118	Melhem-Medekiciltme44	44.0	recorded/Radio/2026-08-12/2026-08-12-22-00-07_real_fm_srv6-61min.mp3	3139	3183.0
393	25662243	Melhem-Medekiciltme44	44.0	recorded/Radio/2026-08-12/2026-08-12-23-00-08_real_fm_srv6-61min.mp3	1232	1276.0
394	25662244	Melhem-Medekiciltme44	44.0	recorded/Radio/2026-08-12/2026-08-12-23-00-08_real_fm_srv6-61min.mp3	3142	3186.0
395	25663644	Melhem-Medekiciltme44	44.0	recorded/Radio/2026-08-13/2026-08-13-07-00-09_real_fm_srv6-61min.mp3	2991	3035.0
396	25664197	Melhem-Medekiciltme44	44.0	recorded/Radio/2026-08-13/2026-08-13-08-00-08_real_fm_srv6-61min.mp3	1220	1264.0
397	25664200	Melhem-Medekiciltme44	44.0	recorded/Radio/2026-08-13/2026-08-13-08-00-08_real_fm_srv6-61min.mp3	3146	3190.0
398	25665178	Melhem-Medekiciltme44	44.0	recorded/Radio/2026-08-13/2026-08-13-09-00-08_real_fm_srv6-61min.mp3	1595	1639.0
399	25665180	Melhem-Medekiciltme44	44.0	recorded/Radio/2026-08-13/2026-08-13-09-00-08_real_fm_srv6-61min.mp3	3438	3482.0
400	25666283	Melhem-Medekiciltme44	44.0	recorded/Radio/2026-08-13/2026-08-13-10-00-09_real_fm_srv6-61min.mp3	1418	1462.0
401	25666286	Melhem-Medekiciltme44	44.0	recorded/Radio/2026-08-13/2026-08-13-10-00-09_real_fm_srv6-61min.mp3	3093	3137.0
402	25667565	Melhem-Medekiciltme44	44.0	recorded/Radio/2026-08-13/2026-08-13-11-00-08_real_fm_srv6-61min.mp3	1338	1382.0
403	25667566	Melhem-Medekiciltme44	44.0	recorded/Radio/2026-08-13/2026-08-13-11-00-08_real_fm_srv6-61min.mp3	3175	3219.0
404	25668928	Melhem-Medekiciltme44	44.0	recorded/Radio/2026-08-13/2026-08-13-12-00-08_real_fm_srv6-61min.mp3	1277	1321.0
405	25668932	Melhem-Medekiciltme44	44.0	recorded/Radio/2026-08-13/2026-08-13-12-00-08_real_fm_srv6-61min.mp3	3081	3125.0
406	25670088	Melhem-Medekiciltme44	44.0	recorded/Radio/2026-08-13/2026-08-13-13-00-09_real_fm_srv6-61min.mp3	1442	1486.0
407	25670093	Melhem-Medekiciltme44	44.0	recorded/Radio/2026-08-13/2026-08-13-13-00-09_real_fm_srv6-61min.mp3	3042	3086.0
408	25671046	Melhem-Medekiciltme44	44.0	recorded/Radio/2026-08-13/2026-08-13-14-00-08_real_fm_srv6-61min.mp3	1390	1434.0
409	25671049	Melhem-Medekiciltme44	44.0	recorded/Radio/2026-08-13/2026-08-13-14-00-08_real_fm_srv6-61min.mp3	3224	3268.0
410	25671941	Melhem-Medekiciltme44	44.0	recorded/Radio/2026-08-13/2026-08-13-15-00-08_real_fm_srv6-61min.mp3	1324	1368.0
411	25671944	Melhem-Medekiciltme44	44.0	recorded/Radio/2026-08-13/2026-08-13-15-00-08_real_fm_srv6-61min.mp3	3098	3142.0
412	25672762	Melhem-Medekiciltme44	44.0	recorded/Radio/2026-08-13/2026-08-13-16-00-08_real_fm_srv6-61min.mp3	1371	1415.0
413	25672766	Melhem-Medekiciltme44	44.0	recorded/Radio/2026-08-13/2026-08-13-16-00-08_real_fm_srv6-61min.mp3	3079	3123.0
414	25673606	Melhem-Medekiciltme44	44.0	recorded/Radio/2026-08-13/2026-08-13-17-00-09_real_fm_srv6-61min.mp3	1380	1424.0
415	25673618	Melhem-Medekiciltme44	44.0	recorded/Radio/2026-08-13/2026-08-13-17-00-09_real_fm_srv6-61min.mp3	3197	3241.0
416	25674691	Melhem-Medekiciltme44	44.0	recorded/Radio/2026-08-13/2026-08-13-18-00-08_real_fm_srv6-61min.mp3	1521	1565.0
417	25674694	Melhem-Medekiciltme44	44.0	recorded/Radio/2026-08-13/2026-08-13-18-00-08_real_fm_srv6-61min.mp3	3214	3258.0
418	25676690	Melhem-Medekiciltme44	44.0	recorded/Radio/2026-08-13/2026-08-13-19-00-08_real_fm_srv6-61min.mp3	1323	1367.0
419	25676692	Melhem-Medekiciltme44	44.0	recorded/Radio/2026-08-13/2026-08-13-19-00-08_real_fm_srv6-61min.mp3	3113	3157.0
420	25679046	Melhem-Medekiciltme44	44.0	recorded/Radio/2026-08-13/2026-08-13-20-00-08_real_fm_srv6-61min.mp3	1393	1437.0
421	25679048	Melhem-Medekiciltme44	44.0	recorded/Radio/2026-08-13/2026-08-13-20-00-08_real_fm_srv6-61min.mp3	3165	3209.0
422	25681175	Melhem-Medekiciltme44	44.0	recorded/Radio/2026-08-13/2026-08-13-21-00-08_real_fm_srv6-61min.mp3	1214	1258.0
423	25681176	Melhem-Medekiciltme44	44.0	recorded/Radio/2026-08-13/2026-08-13-21-00-08_real_fm_srv6-61min.mp3	3022	3066.0
424	25683226	Melhem-Medekiciltme44	44.0	recorded/Radio/2026-08-13/2026-08-13-22-00-08_real_fm_srv6-61min.mp3	1277	1321.0
425	25683229	Melhem-Medekiciltme44	44.0	recorded/Radio/2026-08-13/2026-08-13-22-00-08_real_fm_srv6-61min.mp3	3040	3084.0
426	25684732	Melhem-Medekiciltme44	44.0	recorded/Radio/2026-08-13/2026-08-13-23-00-08_real_fm_srv6-61min.mp3	1254	1298.0
427	25684733	Melhem-Medekiciltme44	44.0	recorded/Radio/2026-08-13/2026-08-13-23-00-08_real_fm_srv6-61min.mp3	3057	3101.0
428	25688298	Melhem-Medekiciltme44	44.0	recorded/Radio/2026-08-14/2026-08-14-07-00-08_real_fm_srv6-61min.mp3	3013	3057.0
429	25688788	Melhem-Medekiciltme44	44.0	recorded/Radio/2026-08-14/2026-08-14-08-00-08_real_fm_srv6-61min.mp3	1290	1334.0
430	25688789	Melhem-Medekiciltme44	44.0	recorded/Radio/2026-08-14/2026-08-14-08-00-08_real_fm_srv6-61min.mp3	3121	3165.0
431	25689638	Melhem-Medekiciltme44	44.0	recorded/Radio/2026-08-14/2026-08-14-09-00-08_real_fm_srv6-61min.mp3	1458	1502.0
432	25689640	Melhem-Medekiciltme44	44.0	recorded/Radio/2026-08-14/2026-08-14-09-00-08_real_fm_srv6-61min.mp3	3240	3284.0
433	25690619	Melhem-Medekiciltme44	44.0	recorded/Radio/2026-08-14/2026-08-14-10-00-08_real_fm_srv6-61min.mp3	1260	1304.0
434	25690621	Melhem-Medekiciltme44	44.0	recorded/Radio/2026-08-14/2026-08-14-10-00-08_real_fm_srv6-61min.mp3	3315	3359.0
435	25691556	Melhem-Medekiciltme44	44.0	recorded/Radio/2026-08-14/2026-08-14-11-00-08_real_fm_srv6-61min.mp3	1285	1329.0
436	25691558	Melhem-Medekiciltme44	44.0	recorded/Radio/2026-08-14/2026-08-14-11-00-08_real_fm_srv6-61min.mp3	3423	3467.0
437	25692350	Melhem-Medekiciltme44	44.0	recorded/Radio/2026-08-14/2026-08-14-12-00-09_real_fm_srv6-61min.mp3	1435	1479.0
438	25692352	Melhem-Medekiciltme44	44.0	recorded/Radio/2026-08-14/2026-08-14-12-00-09_real_fm_srv6-61min.mp3	3081	3125.0
439	25693240	Melhem-Medekiciltme44	44.0	recorded/Radio/2026-08-14/2026-08-14-13-00-08_real_fm_srv6-61min.mp3	1240	1284.0
440	25693242	Melhem-Medekiciltme44	44.0	recorded/Radio/2026-08-14/2026-08-14-13-00-08_real_fm_srv6-61min.mp3	3363	3407.0
441	25694212	Melhem-Medekiciltme44	44.0	recorded/Radio/2026-08-14/2026-08-14-14-00-08_real_fm_srv6-61min.mp3	1287	1331.0
442	25694214	Melhem-Medekiciltme44	44.0	recorded/Radio/2026-08-14/2026-08-14-14-00-08_real_fm_srv6-61min.mp3	3176	3220.0
443	25694964	Melhem-Medekiciltme44	44.0	recorded/Radio/2026-08-14/2026-08-14-15-00-08_real_fm_srv6-61min.mp3	1336	1380.0
444	25694965	Melhem-Medekiciltme44	44.0	recorded/Radio/2026-08-14/2026-08-14-15-00-08_real_fm_srv6-61min.mp3	3223	3267.0
445	25695695	Melhem-Medekiciltme44	44.0	recorded/Radio/2026-08-14/2026-08-14-16-00-08_real_fm_srv6-61min.mp3	1413	1457.0
446	25695697	Melhem-Medekiciltme44	44.0	recorded/Radio/2026-08-14/2026-08-14-16-00-08_real_fm_srv6-61min.mp3	3158	3202.0
447	25696519	Melhem-Medekiciltme44	44.0	recorded/Radio/2026-08-14/2026-08-14-17-00-08_real_fm_srv6-61min.mp3	1376	1420.0
448	25696521	Melhem-Medekiciltme44	44.0	recorded/Radio/2026-08-14/2026-08-14-17-00-08_real_fm_srv6-61min.mp3	3088	3132.0
449	25697515	Melhem-Medekiciltme44	44.0	recorded/Radio/2026-08-14/2026-08-14-18-00-08_real_fm_srv6-61min.mp3	1282	1326.0
450	25697518	Melhem-Medekiciltme44	44.0	recorded/Radio/2026-08-14/2026-08-14-18-00-08_real_fm_srv6-61min.mp3	3104	3148.0
451	25698589	Melhem-Medekiciltme44	44.0	recorded/Radio/2026-08-14/2026-08-14-19-00-08_real_fm_srv6-61min.mp3	1409	1453.0
452	25698591	Melhem-Medekiciltme44	44.0	recorded/Radio/2026-08-14/2026-08-14-19-00-08_real_fm_srv6-61min.mp3	3347	3391.0
453	25699729	Melhem-Medekiciltme44	44.0	recorded/Radio/2026-08-14/2026-08-14-20-00-08_real_fm_srv6-61min.mp3	1337	1381.0
454	25699731	Melhem-Medekiciltme44	44.0	recorded/Radio/2026-08-14/2026-08-14-20-00-08_real_fm_srv6-61min.mp3	3284	3328.0
455	25700432	Melhem-Medekiciltme44	44.0	recorded/Radio/2026-08-14/2026-08-14-21-00-08_real_fm_srv6-61min.mp3	1276	1320.0
456	25700433	Melhem-Medekiciltme44	44.0	recorded/Radio/2026-08-14/2026-08-14-21-00-08_real_fm_srv6-61min.mp3	3181	3225.0
457	25701111	Melhem-Medekiciltme44	44.0	recorded/Radio/2026-08-14/2026-08-14-22-00-08_real_fm_srv6-61min.mp3	1351	1395.0
458	25701112	Melhem-Medekiciltme44	44.0	recorded/Radio/2026-08-14/2026-08-14-22-00-08_real_fm_srv6-61min.mp3	3208	3252.0
459	25701535	Melhem-Medekiciltme44	44.0	recorded/Radio/2026-08-14/2026-08-14-23-00-08_real_fm_srv6-61min.mp3	1387	1431.0
460	25701536	Melhem-Medekiciltme44	44.0	recorded/Radio/2026-08-14/2026-08-14-23-00-08_real_fm_srv6-61min.mp3	3057	3101.0
461	25702544	Melhem-Medekiciltme44	44.0	recorded/Radio/2026-08-15/2026-08-15-07-00-08_real_fm_srv6-61min.mp3	3047	3091.0
462	25702918	Melhem-Medekiciltme44	44.0	recorded/Radio/2026-08-15/2026-08-15-08-00-09_real_fm_srv6-61min.mp3	1231	1275.0
463	25702920	Melhem-Medekiciltme44	44.0	recorded/Radio/2026-08-15/2026-08-15-08-00-09_real_fm_srv6-61min.mp3	3059	3103.0
464	25703684	Melhem-Medekiciltme44	44.0	recorded/Radio/2026-08-15/2026-08-15-09-00-08_real_fm_srv6-61min.mp3	1249	1293.0
465	25703686	Melhem-Medekiciltme44	44.0	recorded/Radio/2026-08-15/2026-08-15-09-00-08_real_fm_srv6-61min.mp3	3226	3270.0
466	25704336	Melhem-Medekiciltme44	44.0	recorded/Radio/2026-08-15/2026-08-15-10-00-08_real_fm_srv6-61min.mp3	1292	1336.0
467	25704337	Melhem-Medekiciltme44	44.0	recorded/Radio/2026-08-15/2026-08-15-10-00-08_real_fm_srv6-61min.mp3	3022	3066.0
468	25705674	Melhem-Medekiciltme44	44.0	recorded/Radio/2026-08-15/2026-08-15-11-00-08_real_fm_srv6-61min.mp3	1307	1351.0
469	25705676	Melhem-Medekiciltme44	44.0	recorded/Radio/2026-08-15/2026-08-15-11-00-08_real_fm_srv6-61min.mp3	3196	3240.0
470	25706490	Melhem-Medekiciltme44	44.0	recorded/Radio/2026-08-15/2026-08-15-12-00-08_real_fm_srv6-61min.mp3	1337	1381.0
471	25706492	Melhem-Medekiciltme44	44.0	recorded/Radio/2026-08-15/2026-08-15-12-00-08_real_fm_srv6-61min.mp3	3174	3218.0
472	25707643	Melhem-Medekiciltme44	44.0	recorded/Radio/2026-08-15/2026-08-15-13-00-08_real_fm_srv6-61min.mp3	1403	1447.0
473	25707646	Melhem-Medekiciltme44	44.0	recorded/Radio/2026-08-15/2026-08-15-13-00-08_real_fm_srv6-61min.mp3	3144	3188.0
474	25708693	Melhem-Medekiciltme44	44.0	recorded/Radio/2026-08-15/2026-08-15-14-00-08_real_fm_srv6-61min.mp3	1320	1364.0
475	25708695	Melhem-Medekiciltme44	44.0	recorded/Radio/2026-08-15/2026-08-15-14-00-08_real_fm_srv6-61min.mp3	3127	3171.0
476	25709512	Melhem-Medekiciltme44	44.0	recorded/Radio/2026-08-15/2026-08-15-15-00-08_real_fm_srv6-61min.mp3	1710	1754.0
477	25709514	Melhem-Medekiciltme44	44.0	recorded/Radio/2026-08-15/2026-08-15-15-00-08_real_fm_srv6-61min.mp3	3255	3299.0
478	25710322	Melhem-Medekiciltme44	44.0	recorded/Radio/2026-08-15/2026-08-15-16-00-08_real_fm_srv6-61min.mp3	1404	1448.0
479	25710325	Melhem-Medekiciltme44	44.0	recorded/Radio/2026-08-15/2026-08-15-16-00-08_real_fm_srv6-61min.mp3	3171	3215.0
480	25711221	Melhem-Medekiciltme44	44.0	recorded/Radio/2026-08-15/2026-08-15-17-00-08_real_fm_srv6-61min.mp3	1428	1472.0
481	25711223	Melhem-Medekiciltme44	44.0	recorded/Radio/2026-08-15/2026-08-15-17-00-08_real_fm_srv6-61min.mp3	3081	3125.0
482	25712337	Melhem-Medekiciltme44	44.0	recorded/Radio/2026-08-15/2026-08-15-18-00-09_real_fm_srv6-61min.mp3	1342	1386.0
483	25712341	Melhem-Medekiciltme44	44.0	recorded/Radio/2026-08-15/2026-08-15-18-00-09_real_fm_srv6-61min.mp3	3089	3133.0
484	25713359	Melhem-Medekiciltme44	44.0	recorded/Radio/2026-08-15/2026-08-15-19-00-08_real_fm_srv6-61min.mp3	1428	1472.0
485	25713362	Melhem-Medekiciltme44	44.0	recorded/Radio/2026-08-15/2026-08-15-19-00-08_real_fm_srv6-61min.mp3	3038	3082.0
486	25714525	Melhem-Medekiciltme44	44.0	recorded/Radio/2026-08-15/2026-08-15-20-00-08_real_fm_srv6-61min.mp3	1396	1440.0
487	25714527	Melhem-Medekiciltme44	44.0	recorded/Radio/2026-08-15/2026-08-15-20-00-08_real_fm_srv6-61min.mp3	3167	3211.0
488	25715364	Melhem-Medekiciltme44	44.0	recorded/Radio/2026-08-15/2026-08-15-21-00-08_real_fm_srv6-61min.mp3	1310	1354.0
489	25715365	Melhem-Medekiciltme44	44.0	recorded/Radio/2026-08-15/2026-08-15-21-00-08_real_fm_srv6-61min.mp3	3187	3231.0
490	25716025	Melhem-Medekiciltme44	44.0	recorded/Radio/2026-08-15/2026-08-15-22-00-08_real_fm_srv6-61min.mp3	1220	1264.0
491	25716026	Melhem-Medekiciltme44	44.0	recorded/Radio/2026-08-15/2026-08-15-22-00-08_real_fm_srv6-61min.mp3	3257	3301.0
492	25716403	Melhem-Medekiciltme44	44.0	recorded/Radio/2026-08-15/2026-08-15-23-00-08_real_fm_srv6-61min.mp3	1473	1517.0
493	25716405	Melhem-Medekiciltme44	44.0	recorded/Radio/2026-08-15/2026-08-15-23-00-08_real_fm_srv6-61min.mp3	3041	3085.0
494	25717316	Melhem-Medekiciltme44	44.0	recorded/Radio/2026-08-16/2026-08-16-07-00-08_real_fm_srv6-61min.mp3	3115	3159.0
495	25717763	Melhem-Medekiciltme44	44.0	recorded/Radio/2026-08-16/2026-08-16-08-00-08_real_fm_srv6-61min.mp3	1278	1322.0
496	25717765	Melhem-Medekiciltme44	44.0	recorded/Radio/2026-08-16/2026-08-16-08-00-08_real_fm_srv6-61min.mp3	3101	3145.0
497	25718330	Melhem-Medekiciltme44	44.0	recorded/Radio/2026-08-16/2026-08-16-09-00-08_real_fm_srv6-61min.mp3	1341	1385.0
498	25718334	Melhem-Medekiciltme44	44.0	recorded/Radio/2026-08-16/2026-08-16-09-00-08_real_fm_srv6-61min.mp3	3111	3155.0
499	25719217	Melhem-Medekiciltme44	44.0	recorded/Radio/2026-08-16/2026-08-16-10-00-08_real_fm_srv6-61min.mp3	1444	1488.0
500	25719220	Melhem-Medekiciltme44	44.0	recorded/Radio/2026-08-16/2026-08-16-10-00-08_real_fm_srv6-61min.mp3	3093	3137.0
501	25720138	Melhem-Medekiciltme44	44.0	recorded/Radio/2026-08-16/2026-08-16-11-00-08_real_fm_srv6-61min.mp3	1436	1480.0
502	25720141	Melhem-Medekiciltme44	44.0	recorded/Radio/2026-08-16/2026-08-16-11-00-08_real_fm_srv6-61min.mp3	3172	3216.0
503	25720941	Melhem-Medekiciltme44	44.0	recorded/Radio/2026-08-16/2026-08-16-12-00-08_real_fm_srv6-61min.mp3	1321	1365.0
504	25720944	Melhem-Medekiciltme44	44.0	recorded/Radio/2026-08-16/2026-08-16-12-00-08_real_fm_srv6-61min.mp3	2998	3042.0
505	25722176	Melhem-Medekiciltme44	44.0	recorded/Radio/2026-08-16/2026-08-16-13-00-08_real_fm_srv6-61min.mp3	1218	1262.0
506	25722178	Melhem-Medekiciltme44	44.0	recorded/Radio/2026-08-16/2026-08-16-13-00-08_real_fm_srv6-61min.mp3	3058	3102.0
507	25723222	Melhem-Medekiciltme44	44.0	recorded/Radio/2026-08-16/2026-08-16-14-00-08_real_fm_srv6-61min.mp3	1508	1552.0
508	25723225	Melhem-Medekiciltme44	44.0	recorded/Radio/2026-08-16/2026-08-16-14-00-08_real_fm_srv6-61min.mp3	3153	3197.0
509	25723968	Melhem-Medekiciltme44	44.0	recorded/Radio/2026-08-16/2026-08-16-15-00-08_real_fm_srv6-61min.mp3	1234	1278.0
510	25723969	Melhem-Medekiciltme44	44.0	recorded/Radio/2026-08-16/2026-08-16-15-00-08_real_fm_srv6-61min.mp3	3002	3046.0
511	25724858	Melhem-Medekiciltme44	44.0	recorded/Radio/2026-08-16/2026-08-16-16-00-08_real_fm_srv6-61min.mp3	1371	1415.0
512	25724861	Melhem-Medekiciltme44	44.0	recorded/Radio/2026-08-16/2026-08-16-16-00-08_real_fm_srv6-61min.mp3	3165	3209.0
513	25725696	Melhem-Medekiciltme44	44.0	recorded/Radio/2026-08-16/2026-08-16-17-00-08_real_fm_srv6-61min.mp3	1258	1302.0
514	25725700	Melhem-Medekiciltme44	44.0	recorded/Radio/2026-08-16/2026-08-16-17-00-08_real_fm_srv6-61min.mp3	3245	3289.0
515	25726743	Melhem-Medekiciltme44	44.0	recorded/Radio/2026-08-16/2026-08-16-18-00-08_real_fm_srv6-61min.mp3	1255	1299.0
516	25726747	Melhem-Medekiciltme44	44.0	recorded/Radio/2026-08-16/2026-08-16-18-00-08_real_fm_srv6-61min.mp3	3039	3083.0
517	25727841	Melhem-Medekiciltme44	44.0	recorded/Radio/2026-08-16/2026-08-16-19-00-08_real_fm_srv6-61min.mp3	1359	1403.0
518	25727844	Melhem-Medekiciltme44	44.0	recorded/Radio/2026-08-16/2026-08-16-19-00-08_real_fm_srv6-61min.mp3	2998	3042.0
519	25728951	Melhem-Medekiciltme44	44.0	recorded/Radio/2026-08-16/2026-08-16-20-00-08_real_fm_srv6-61min.mp3	1413	1457.0
520	25728953	Melhem-Medekiciltme44	44.0	recorded/Radio/2026-08-16/2026-08-16-20-00-08_real_fm_srv6-61min.mp3	3049	3093.0
521	25729752	Melhem-Medekiciltme44	44.0	recorded/Radio/2026-08-16/2026-08-16-21-00-08_real_fm_srv6-61min.mp3	1306	1350.0
522	25729753	Melhem-Medekiciltme44	44.0	recorded/Radio/2026-08-16/2026-08-16-21-00-08_real_fm_srv6-61min.mp3	3006	3050.0
523	25730266	Melhem-Medekiciltme44	44.0	recorded/Radio/2026-08-16/2026-08-16-22-00-08_real_fm_srv6-61min.mp3	1246	1290.0
524	25730267	Melhem-Medekiciltme44	44.0	recorded/Radio/2026-08-16/2026-08-16-22-00-08_real_fm_srv6-61min.mp3	3008	3052.0
525	25730719	Melhem-Medekiciltme44	44.0	recorded/Radio/2026-08-16/2026-08-16-23-00-08_real_fm_srv6-61min.mp3	1308	1352.0
526	25730720	Melhem-Medekiciltme44	44.0	recorded/Radio/2026-08-16/2026-08-16-23-00-08_real_fm_srv6-61min.mp3	3045	3089.0
527	25731657	Melhem-Medekiciltme44	44.0	recorded/Radio/2026-08-17/2026-08-17-07-00-08_real_fm_srv6-61min.mp3	2976	3020.0
528	25732238	Melhem-Medekiciltme44	44.0	recorded/Radio/2026-08-17/2026-08-17-08-00-08_real_fm_srv6-61min.mp3	1252	1296.0
529	25732241	Melhem-Medekiciltme44	44.0	recorded/Radio/2026-08-17/2026-08-17-08-00-08_real_fm_srv6-61min.mp3	3315	3359.0
530	25733777	Melhem-Medekiciltme44	44.0	recorded/Radio/2026-08-17/2026-08-17-09-00-08_real_fm_srv6-61min.mp3	1235	1279.0
531	25733778	Melhem-Medekiciltme44	44.0	recorded/Radio/2026-08-17/2026-08-17-09-00-08_real_fm_srv6-61min.mp3	3312	3356.0
532	25735302	Melhem-Medekiciltme44	44.0	recorded/Radio/2026-08-17/2026-08-17-10-00-08_real_fm_srv6-61min.mp3	1410	1454.0
533	25735304	Melhem-Medekiciltme44	44.0	recorded/Radio/2026-08-17/2026-08-17-10-00-08_real_fm_srv6-61min.mp3	2952	2996.0
534	25737635	Melhem-Medekiciltme44	44.0	recorded/Radio/2026-08-17/2026-08-17-11-00-08_real_fm_srv6-61min.mp3	1333	1377.0
535	25737636	Melhem-Medekiciltme44	44.0	recorded/Radio/2026-08-17/2026-08-17-11-00-08_real_fm_srv6-61min.mp3	3237	3281.0
536	25737794	Melhem-Medekiciltme44	44.0	recorded/Radio/2026-08-17/2026-08-17-12-00-08_real_fm_srv6-61min.mp3	1325	1369.0
537	25737796	Melhem-Medekiciltme44	44.0	recorded/Radio/2026-08-17/2026-08-17-12-00-08_real_fm_srv6-61min.mp3	3054	3098.0
538	25738571	Melhem-Medekiciltme44	44.0	recorded/Radio/2026-08-17/2026-08-17-13-00-08_real_fm_srv6-61min.mp3	1249	1293.0
539	25738576	Melhem-Medekiciltme44	44.0	recorded/Radio/2026-08-17/2026-08-17-13-00-08_real_fm_srv6-61min.mp3	3058	3102.0
540	25740430	Melhem-Medekiciltme44	44.0	recorded/Radio/2026-08-17/2026-08-17-14-00-08_real_fm_srv6-61min.mp3	1335	1379.0
541	25740434	Melhem-Medekiciltme44	44.0	recorded/Radio/2026-08-17/2026-08-17-14-00-08_real_fm_srv6-61min.mp3	3134	3178.0
542	25741080	Melhem-Medekiciltme44	44.0	recorded/Radio/2026-08-17/2026-08-17-15-00-08_real_fm_srv6-61min.mp3	1368	1412.0
543	25741083	Melhem-Medekiciltme44	44.0	recorded/Radio/2026-08-17/2026-08-17-15-00-08_real_fm_srv6-61min.mp3	3228	3272.0
544	25742207	Melhem-Medekiciltme44	44.0	recorded/Radio/2026-08-17/2026-08-17-16-00-08_real_fm_srv6-61min.mp3	1287	1331.0
545	25742209	Melhem-Medekiciltme44	44.0	recorded/Radio/2026-08-17/2026-08-17-16-00-08_real_fm_srv6-61min.mp3	3211	3255.0
546	25744632	Melhem-Medekiciltme44	44.0	recorded/Radio/2026-08-17/2026-08-17-17-00-08_real_fm_srv6-61min.mp3	1572	1616.0
547	25744633	Melhem-Medekiciltme44	44.0	recorded/Radio/2026-08-17/2026-08-17-17-00-08_real_fm_srv6-61min.mp3	3133	3177.0
548	25745171	Melhem-Medekiciltme44	44.0	recorded/Radio/2026-08-17/2026-08-17-18-00-08_real_fm_srv6-61min.mp3	1693	1737.0
549	25745174	Melhem-Medekiciltme44	44.0	recorded/Radio/2026-08-17/2026-08-17-18-00-08_real_fm_srv6-61min.mp3	2973	3017.0
550	25745119	Melhem-Medekiciltme44	44.0	recorded/Radio/2026-08-17/2026-08-17-19-00-09_real_fm_srv6-61min.mp3	1400	1444.0
551	25745120	Melhem-Medekiciltme44	44.0	recorded/Radio/2026-08-17/2026-08-17-19-00-09_real_fm_srv6-61min.mp3	3106	3150.0
552	25746591	Melhem-Medekiciltme44	44.0	recorded/Radio/2026-08-17/2026-08-17-20-00-09_real_fm_srv6-61min.mp3	1326	1370.0
553	25746594	Melhem-Medekiciltme44	44.0	recorded/Radio/2026-08-17/2026-08-17-20-00-09_real_fm_srv6-61min.mp3	3113	3157.0
554	25748988	Melhem-Medekiciltme44	44.0	recorded/Radio/2026-08-17/2026-08-17-21-00-08_real_fm_srv6-61min.mp3	1314	1358.0
555	25748990	Melhem-Medekiciltme44	44.0	recorded/Radio/2026-08-17/2026-08-17-21-00-08_real_fm_srv6-61min.mp3	2997	3041.0
556	25778358	Melhem-Medekiciltme44	44.0	recorded/Radio/2026-08-17/2026-08-17-22-00-08_real_fm_srv6-61min.mp3	1359	1403.0
557	25778361	Melhem-Medekiciltme44	44.0	recorded/Radio/2026-08-17/2026-08-17-22-00-08_real_fm_srv6-61min.mp3	3175	3219.0
558	25778643	Melhem-Medekiciltme44	44.0	recorded/Radio/2026-08-17/2026-08-17-23-00-08_real_fm_srv6-61min.mp3	1392	1436.0
559	25778644	Melhem-Medekiciltme44	44.0	recorded/Radio/2026-08-17/2026-08-17-23-00-08_real_fm_srv6-61min.mp3	3202	3246.0
560	25779256	Melhem-Medekiciltme44	44.0	recorded/Radio/2026-08-18/2026-08-18-07-00-08_real_fm_srv6-61min.mp3	2958	3002.0
561	25779618	Melhem-Medekiciltme44	44.0	recorded/Radio/2026-08-18/2026-08-18-08-00-08_real_fm_srv6-61min.mp3	1271	1315.0
562	25779619	Melhem-Medekiciltme44	44.0	recorded/Radio/2026-08-18/2026-08-18-08-00-08_real_fm_srv6-61min.mp3	3290	3334.0
563	25780893	Melhem-Medekiciltme44	44.0	recorded/Radio/2026-08-18/2026-08-18-09-00-08_real_fm_srv6-61min.mp3	1247	1291.0
564	25780899	Melhem-Medekiciltme44	44.0	recorded/Radio/2026-08-18/2026-08-18-09-00-08_real_fm_srv6-61min.mp3	3349	3393.0
565	25782379	Melhem-Medekiciltme44	44.0	recorded/Radio/2026-08-18/2026-08-18-10-00-09_real_fm_srv6-61min.mp3	1200	1244.0
566	25782385	Melhem-Medekiciltme44	44.0	recorded/Radio/2026-08-18/2026-08-18-10-00-09_real_fm_srv6-61min.mp3	3182	3226.0
567	25783476	Melhem-Medekiciltme44	44.0	recorded/Radio/2026-08-18/2026-08-18-11-00-08_real_fm_srv6-61min.mp3	1318	1362.0
568	25783481	Melhem-Medekiciltme44	44.0	recorded/Radio/2026-08-18/2026-08-18-11-00-08_real_fm_srv6-61min.mp3	3036	3080.0
569	25784282	Melhem-Medekiciltme44	44.0	recorded/Radio/2026-08-18/2026-08-18-12-00-08_real_fm_srv6-61min.mp3	1318	1362.0
570	25784285	Melhem-Medekiciltme44	44.0	recorded/Radio/2026-08-18/2026-08-18-12-00-08_real_fm_srv6-61min.mp3	3007	3051.0
571	25785248	Melhem-Medekiciltme44	44.0	recorded/Radio/2026-08-18/2026-08-18-13-00-08_real_fm_srv6-61min.mp3	1221	1265.0
572	25785263	Melhem-Medekiciltme44	44.0	recorded/Radio/2026-08-18/2026-08-18-13-00-08_real_fm_srv6-61min.mp3	3226	3270.0
573	25786542	Melhem-Medekiciltme44	44.0	recorded/Radio/2026-08-18/2026-08-18-14-00-08_real_fm_srv6-61min.mp3	1316	1360.0
574	25786554	Melhem-Medekiciltme44	44.0	recorded/Radio/2026-08-18/2026-08-18-14-00-08_real_fm_srv6-61min.mp3	3133	3177.0
575	25787382	Melhem-Medekiciltme44	44.0	recorded/Radio/2026-08-18/2026-08-18-15-00-09_real_fm_srv6-61min.mp3	1314	1358.0
576	25787387	Melhem-Medekiciltme44	44.0	recorded/Radio/2026-08-18/2026-08-18-15-00-09_real_fm_srv6-61min.mp3	3135	3179.0
577	25788264	Melhem-Medekiciltme44	44.0	recorded/Radio/2026-08-18/2026-08-18-16-00-08_real_fm_srv6-61min.mp3	1444	1488.0
578	25788268	Melhem-Medekiciltme44	44.0	recorded/Radio/2026-08-18/2026-08-18-16-00-08_real_fm_srv6-61min.mp3	3130	3174.0
579	25789432	Melhem-Medekiciltme44	44.0	recorded/Radio/2026-08-18/2026-08-18-17-00-08_real_fm_srv6-61min.mp3	1315	1359.0
580	25789435	Melhem-Medekiciltme44	44.0	recorded/Radio/2026-08-18/2026-08-18-17-00-08_real_fm_srv6-61min.mp3	3109	3153.0
581	25790703	Melhem-Medekiciltme44	44.0	recorded/Radio/2026-08-18/2026-08-18-18-00-08_real_fm_srv6-61min.mp3	1578	1622.0
582	25790708	Melhem-Medekiciltme44	44.0	recorded/Radio/2026-08-18/2026-08-18-18-00-08_real_fm_srv6-61min.mp3	3321	3365.0
583	25792204	Melhem-Medekiciltme44	44.0	recorded/Radio/2026-08-18/2026-08-18-19-00-09_real_fm_srv6-61min.mp3	1524	1568.0
584	25792209	Melhem-Medekiciltme44	44.0	recorded/Radio/2026-08-18/2026-08-18-19-00-09_real_fm_srv6-61min.mp3	3248	3292.0
585	25793545	Melhem-Medekiciltme44	44.0	recorded/Radio/2026-08-18/2026-08-18-20-00-08_real_fm_srv6-61min.mp3	1272	1316.0
586	25793549	Melhem-Medekiciltme44	44.0	recorded/Radio/2026-08-18/2026-08-18-20-00-08_real_fm_srv6-61min.mp3	3022	3066.0
587	25794433	Melhem-Medekiciltme44	44.0	recorded/Radio/2026-08-18/2026-08-18-21-00-08_real_fm_srv6-61min.mp3	1331	1375.0
588	25794435	Melhem-Medekiciltme44	44.0	recorded/Radio/2026-08-18/2026-08-18-21-00-08_real_fm_srv6-61min.mp3	3193	3237.0
589	25794958	Melhem-Medekiciltme44	44.0	recorded/Radio/2026-08-18/2026-08-18-22-00-08_real_fm_srv6-61min.mp3	1264	1308.0
590	25794959	Melhem-Medekiciltme44	44.0	recorded/Radio/2026-08-18/2026-08-18-22-00-08_real_fm_srv6-61min.mp3	3151	3195.0
591	25795174	Melhem-Medekiciltme44	44.0	recorded/Radio/2026-08-18/2026-08-18-23-00-08_real_fm_srv6-61min.mp3	1234	1278.0
592	25795176	Melhem-Medekiciltme44	44.0	recorded/Radio/2026-08-18/2026-08-18-23-00-08_real_fm_srv6-61min.mp3	3117	3161.0
593	25795641	Melhem-Medekiciltme44	44.0	recorded/Radio/2026-08-19/2026-08-19-07-00-08_real_fm_srv6-61min.mp3	3026	3070.0
594	25796122	Melhem-Medekiciltme44	44.0	recorded/Radio/2026-08-19/2026-08-19-08-00-09_real_fm_srv6-61min.mp3	1279	1323.0
595	25796133	Melhem-Medekiciltme44	44.0	recorded/Radio/2026-08-19/2026-08-19-08-00-09_real_fm_srv6-61min.mp3	3148	3192.0
596	25797443	Melhem-Medekiciltme44	44.0	recorded/Radio/2026-08-19/2026-08-19-09-00-08_real_fm_srv6-61min.mp3	1436	1480.0
597	25797448	Melhem-Medekiciltme44	44.0	recorded/Radio/2026-08-19/2026-08-19-09-00-08_real_fm_srv6-61min.mp3	2950	2994.0
598	25798591	Melhem-Medekiciltme44	44.0	recorded/Radio/2026-08-19/2026-08-19-10-00-08_real_fm_srv6-61min.mp3	1519	1563.0
599	25798599	Melhem-Medekiciltme44	44.0	recorded/Radio/2026-08-19/2026-08-19-10-00-08_real_fm_srv6-61min.mp3	3116	3160.0
600	25799850	Melhem-Medekiciltme44	44.0	recorded/Radio/2026-08-19/2026-08-19-11-00-08_real_fm_srv6-61min.mp3	1330	1374.0
601	25799853	Melhem-Medekiciltme44	44.0	recorded/Radio/2026-08-19/2026-08-19-11-00-08_real_fm_srv6-61min.mp3	3150	3194.0
602	25800751	Melhem-Medekiciltme44	44.0	recorded/Radio/2026-08-19/2026-08-19-12-00-08_real_fm_srv6-61min.mp3	1317	1361.0
603	25800755	Melhem-Medekiciltme44	44.0	recorded/Radio/2026-08-19/2026-08-19-12-00-08_real_fm_srv6-61min.mp3	3086	3130.0
604	25801959	Melhem-Medekiciltme44	44.0	recorded/Radio/2026-08-19/2026-08-19-13-00-08_real_fm_srv6-61min.mp3	1262	1306.0
605	25801963	Melhem-Medekiciltme44	44.0	recorded/Radio/2026-08-19/2026-08-19-13-00-08_real_fm_srv6-61min.mp3	3043	3087.0
606	25803013	Melhem-Medekiciltme44	44.0	recorded/Radio/2026-08-19/2026-08-19-14-00-08_real_fm_srv6-61min.mp3	1313	1357.0
607	25803021	Melhem-Medekiciltme44	44.0	recorded/Radio/2026-08-19/2026-08-19-14-00-08_real_fm_srv6-61min.mp3	3057	3101.0
608	25803764	Melhem-Medekiciltme44	44.0	recorded/Radio/2026-08-19/2026-08-19-15-00-08_real_fm_srv6-61min.mp3	1423	1467.0
609	25803770	Melhem-Medekiciltme44	44.0	recorded/Radio/2026-08-19/2026-08-19-15-00-08_real_fm_srv6-61min.mp3	3054	3098.0
610	25805007	Melhem-Medekiciltme44	44.0	recorded/Radio/2026-08-19/2026-08-19-16-00-08_real_fm_srv6-61min.mp3	1236	1280.0
611	25805009	Melhem-Medekiciltme44	44.0	recorded/Radio/2026-08-19/2026-08-19-16-00-08_real_fm_srv6-61min.mp3	3082	3126.0
612	25808398	Melhem-Medekiciltme44	44.0	recorded/Radio/2026-08-19/2026-08-19-17-00-08_real_fm_srv6-61min.mp3	1229	1273.0
613	25808406	Melhem-Medekiciltme44	44.0	recorded/Radio/2026-08-19/2026-08-19-17-00-08_real_fm_srv6-61min.mp3	3193	3237.0
614	25808451	Melhem-Medekiciltme44	44.0	recorded/Radio/2026-08-19/2026-08-19-18-00-08_real_fm_srv6-61min.mp3	1509	1553.0
615	25808454	Melhem-Medekiciltme44	44.0	recorded/Radio/2026-08-19/2026-08-19-18-00-08_real_fm_srv6-61min.mp3	3472	3516.0
616	25808774	Melhem-Medekiciltme44	44.0	recorded/Radio/2026-08-19/2026-08-19-19-00-08_real_fm_srv6-61min.mp3	1429	1473.0
617	25808783	Melhem-Medekiciltme44	44.0	recorded/Radio/2026-08-19/2026-08-19-19-00-08_real_fm_srv6-61min.mp3	3108	3152.0
618	25807815	Melhem-Medekiciltme44	44.0	recorded/Radio/2026-08-19/2026-08-19-20-00-08_real_fm_srv6-61min.mp3	1308	1352.0
619	25807818	Melhem-Medekiciltme44	44.0	recorded/Radio/2026-08-19/2026-08-19-20-00-08_real_fm_srv6-61min.mp3	3016	3060.0
620	25809944	Melhem-Medekiciltme44	44.0	recorded/Radio/2026-08-19/2026-08-19-21-00-08_real_fm_srv6-61min.mp3	1188	1232.0
621	25809949	Melhem-Medekiciltme44	44.0	recorded/Radio/2026-08-19/2026-08-19-21-00-08_real_fm_srv6-61min.mp3	3019	3063.0
622	25814114	Melhem-Medekiciltme44	44.0	recorded/Radio/2026-08-19/2026-08-19-22-00-08_real_fm_srv6-61min.mp3	1314	1358.0
623	25814117	Melhem-Medekiciltme44	44.0	recorded/Radio/2026-08-19/2026-08-19-22-00-08_real_fm_srv6-61min.mp3	3009	3053.0
624	25811094	Melhem-Medekiciltme44	44.0	recorded/Radio/2026-08-19/2026-08-19-23-00-08_real_fm_srv6-61min.mp3	1379	1423.0
625	25811098	Melhem-Medekiciltme44	44.0	recorded/Radio/2026-08-19/2026-08-19-23-00-08_real_fm_srv6-61min.mp3	3113	3157.0
626	25817102	Melhem-Medekiciltme44	44.0	recorded/Radio/2026-08-20/2026-08-20-07-00-08_real_fm_srv6-61min.mp3	3055	3099.0
627	25817650	Melhem-Medekiciltme44	44.0	recorded/Radio/2026-08-20/2026-08-20-08-00-08_real_fm_srv6-61min.mp3	1460	1504.0
628	25817654	Melhem-Medekiciltme44	44.0	recorded/Radio/2026-08-20/2026-08-20-08-00-08_real_fm_srv6-61min.mp3	3305	3349.0
629	25819151	Melhem-Medekiciltme44	44.0	recorded/Radio/2026-08-20/2026-08-20-09-00-08_real_fm_srv6-61min.mp3	1162	1206.0
630	25819169	Melhem-Medekiciltme44	44.0	recorded/Radio/2026-08-20/2026-08-20-09-00-08_real_fm_srv6-61min.mp3	3284	3328.0
631	25820615	Melhem-Medekiciltme44	44.0	recorded/Radio/2026-08-20/2026-08-20-10-00-08_real_fm_srv6-61min.mp3	1217	1261.0
632	25820622	Melhem-Medekiciltme44	44.0	recorded/Radio/2026-08-20/2026-08-20-10-00-08_real_fm_srv6-61min.mp3	3048	3092.0
633	25822099	Melhem-Medekiciltme44	44.0	recorded/Radio/2026-08-20/2026-08-20-11-00-08_real_fm_srv6-61min.mp3	1323	1367.0
634	25822113	Melhem-Medekiciltme44	44.0	recorded/Radio/2026-08-20/2026-08-20-11-00-08_real_fm_srv6-61min.mp3	3161	3205.0
635	25823590	Melhem-Medekiciltme44	44.0	recorded/Radio/2026-08-20/2026-08-20-12-00-08_real_fm_srv6-61min.mp3	1310	1354.0
636	25823594	Melhem-Medekiciltme44	44.0	recorded/Radio/2026-08-20/2026-08-20-12-00-08_real_fm_srv6-61min.mp3	3076	3120.0
637	25824654	Melhem-Medekiciltme44	44.0	recorded/Radio/2026-08-20/2026-08-20-13-00-08_real_fm_srv6-61min.mp3	1292	1336.0
638	25824659	Melhem-Medekiciltme44	44.0	recorded/Radio/2026-08-20/2026-08-20-13-00-08_real_fm_srv6-61min.mp3	3153	3197.0
639	25826162	Melhem-Medekiciltme44	44.0	recorded/Radio/2026-08-20/2026-08-20-14-00-08_real_fm_srv6-61min.mp3	1294	1338.0
640	25826168	Melhem-Medekiciltme44	44.0	recorded/Radio/2026-08-20/2026-08-20-14-00-08_real_fm_srv6-61min.mp3	3145	3189.0
641	25813932	Melhem-Medekiciltme44	44.0	recorded/Radio/2026-08-20/2026-08-20-15-00-08_real_fm_srv6-61min.mp3	1290	1334.0
642	25813938	Melhem-Medekiciltme44	44.0	recorded/Radio/2026-08-20/2026-08-20-15-00-08_real_fm_srv6-61min.mp3	3121	3165.0
643	25843212	Melhem-Medekiciltme44	44.0	recorded/Radio/2026-08-20/2026-08-20-16-00-08_real_fm_srv6-61min.mp3	1293	1337.0
644	25843215	Melhem-Medekiciltme44	44.0	recorded/Radio/2026-08-20/2026-08-20-16-00-08_real_fm_srv6-61min.mp3	3012	3056.0
645	25843413	Melhem-Medekiciltme44	44.0	recorded/Radio/2026-08-20/2026-08-20-17-00-08_real_fm_srv6-61min.mp3	1304	1348.0
646	25843419	Melhem-Medekiciltme44	44.0	recorded/Radio/2026-08-20/2026-08-20-17-00-08_real_fm_srv6-61min.mp3	3072	3116.0
647	25843461	Melhem-Medekiciltme44	44.0	recorded/Radio/2026-08-20/2026-08-20-18-00-08_real_fm_srv6-61min.mp3	1397	1441.0
648	25843469	Melhem-Medekiciltme44	44.0	recorded/Radio/2026-08-20/2026-08-20-18-00-08_real_fm_srv6-61min.mp3	3107	3151.0
649	25847646	Melhem-Medekiciltme44	44.0	recorded/Radio/2026-08-20/2026-08-20-19-00-08_real_fm_srv6-61min.mp3	1539	1583.0
650	25847651	Melhem-Medekiciltme44	44.0	recorded/Radio/2026-08-20/2026-08-20-19-00-08_real_fm_srv6-61min.mp3	3213	3257.0
651	25845752	Melhem-Medekiciltme44	44.0	recorded/Radio/2026-08-20/2026-08-20-20-00-08_real_fm_srv6-61min.mp3	1481	1525.0
652	25845759	Melhem-Medekiciltme44	44.0	recorded/Radio/2026-08-20/2026-08-20-20-00-08_real_fm_srv6-61min.mp3	3317	3361.0
653	25844720	Melhem-Medekiciltme44	44.0	recorded/Radio/2026-08-20/2026-08-20-21-00-08_real_fm_srv6-61min.mp3	1269	1313.0
654	25844726	Melhem-Medekiciltme44	44.0	recorded/Radio/2026-08-20/2026-08-20-21-00-08_real_fm_srv6-61min.mp3	3062	3106.0
655	25850414	Melhem-Medekiciltme44	44.0	recorded/Radio/2026-08-20/2026-08-20-22-00-08_real_fm_srv6-61min.mp3	1358	1402.0
656	25850416	Melhem-Medekiciltme44	44.0	recorded/Radio/2026-08-20/2026-08-20-22-00-08_real_fm_srv6-61min.mp3	3034	3078.0
657	25850779	Melhem-Medekiciltme44	44.0	recorded/Radio/2026-08-20/2026-08-20-23-00-08_real_fm_srv6-61min.mp3	1303	1347.0
658	25850782	Melhem-Medekiciltme44	44.0	recorded/Radio/2026-08-20/2026-08-20-23-00-08_real_fm_srv6-61min.mp3	2993	3037.0
659	25845469	Melhem-Medekiciltme44	44.0	recorded/Radio/2026-08-21/2026-08-21-07-00-08_real_fm_srv6-61min.mp3	3051	3095.0
660	25853287	Melhem-Medekiciltme44	44.0	recorded/Radio/2026-08-21/2026-08-21-08-00-08_real_fm_srv6-61min.mp3	1224	1268.0
661	25853290	Melhem-Medekiciltme44	44.0	recorded/Radio/2026-08-21/2026-08-21-08-00-08_real_fm_srv6-61min.mp3	2904	2948.0
662	25855063	Melhem-Medekiciltme44	44.0	recorded/Radio/2026-08-21/2026-08-21-09-00-08_real_fm_srv6-61min.mp3	1247	1291.0
663	25855077	Melhem-Medekiciltme44	44.0	recorded/Radio/2026-08-21/2026-08-21-09-00-08_real_fm_srv6-61min.mp3	3406	3450.0
664	25856533	Melhem-Medekiciltme44	44.0	recorded/Radio/2026-08-21/2026-08-21-10-00-08_real_fm_srv6-61min.mp3	1285	1329.0
665	25856541	Melhem-Medekiciltme44	44.0	recorded/Radio/2026-08-21/2026-08-21-10-00-08_real_fm_srv6-61min.mp3	3055	3099.0
666	25857934	Melhem-Medekiciltme44	44.0	recorded/Radio/2026-08-21/2026-08-21-11-00-08_real_fm_srv6-61min.mp3	1266	1310.0
667	25857939	Melhem-Medekiciltme44	44.0	recorded/Radio/2026-08-21/2026-08-21-11-00-08_real_fm_srv6-61min.mp3	3129	3173.0
668	25859133	Melhem-Medekiciltme44	44.0	recorded/Radio/2026-08-21/2026-08-21-12-00-08_real_fm_srv6-61min.mp3	1182	1226.0
669	25859136	Melhem-Medekiciltme44	44.0	recorded/Radio/2026-08-21/2026-08-21-12-00-08_real_fm_srv6-61min.mp3	3149	3193.0
670	25861229	Melhem-Medekiciltme44	44.0	recorded/Radio/2026-08-21/2026-08-21-13-00-08_real_fm_srv6-61min.mp3	1417	1461.0
671	25861230	Melhem-Medekiciltme44	44.0	recorded/Radio/2026-08-21/2026-08-21-13-00-08_real_fm_srv6-61min.mp3	3288	3332.0
672	25861675	Melhem-Medekiciltme44	44.0	recorded/Radio/2026-08-21/2026-08-21-14-00-08_real_fm_srv6-61min.mp3	1210	1254.0
673	25861679	Melhem-Medekiciltme44	44.0	recorded/Radio/2026-08-21/2026-08-21-14-00-08_real_fm_srv6-61min.mp3	3143	3187.0
674	25862463	Melhem-Medekiciltme44	44.0	recorded/Radio/2026-08-21/2026-08-21-15-00-08_real_fm_srv6-61min.mp3	1306	1350.0
675	25862474	Melhem-Medekiciltme44	44.0	recorded/Radio/2026-08-21/2026-08-21-15-00-08_real_fm_srv6-61min.mp3	3188	3232.0
676	25864149	Melhem-Medekiciltme44	44.0	recorded/Radio/2026-08-21/2026-08-21-16-00-08_real_fm_srv6-61min.mp3	1240	1284.0
677	25864156	Melhem-Medekiciltme44	44.0	recorded/Radio/2026-08-21/2026-08-21-16-00-08_real_fm_srv6-61min.mp3	3175	3219.0
678	25864345	Melhem-Medekiciltme44	44.0	recorded/Radio/2026-08-21/2026-08-21-17-00-08_real_fm_srv6-61min.mp3	1352	1396.0
679	25864347	Melhem-Medekiciltme44	44.0	recorded/Radio/2026-08-21/2026-08-21-17-00-08_real_fm_srv6-61min.mp3	3197	3241.0
680	25866330	Melhem-Medekiciltme44	44.0	recorded/Radio/2026-08-21/2026-08-21-18-00-08_real_fm_srv6-61min.mp3	1647	1691.0
681	25866336	Melhem-Medekiciltme44	44.0	recorded/Radio/2026-08-21/2026-08-21-18-00-08_real_fm_srv6-61min.mp3	3309	3353.0
682	25869192	Melhem-Medekiciltme44	44.0	recorded/Radio/2026-08-21/2026-08-21-19-00-08_real_fm_srv6-61min.mp3	1524	1568.0
683	25869196	Melhem-Medekiciltme44	44.0	recorded/Radio/2026-08-21/2026-08-21-19-00-08_real_fm_srv6-61min.mp3	3125	3169.0
684	25870331	Melhem-Medekiciltme44	44.0	recorded/Radio/2026-08-21/2026-08-21-20-00-08_real_fm_srv6-61min.mp3	1336	1380.0
685	25870335	Melhem-Medekiciltme44	44.0	recorded/Radio/2026-08-21/2026-08-21-20-00-08_real_fm_srv6-61min.mp3	3146	3190.0
686	25872658	Melhem-Medekiciltme44	44.0	recorded/Radio/2026-08-21/2026-08-21-21-00-08_real_fm_srv6-61min.mp3	1283	1327.0
687	25872659	Melhem-Medekiciltme44	44.0	recorded/Radio/2026-08-21/2026-08-21-21-00-08_real_fm_srv6-61min.mp3	3186	3230.0
688	25873099	Melhem-Medekiciltme44	44.0	recorded/Radio/2026-08-21/2026-08-21-22-00-08_real_fm_srv6-61min.mp3	1212	1256.0
689	25873102	Melhem-Medekiciltme44	44.0	recorded/Radio/2026-08-21/2026-08-21-22-00-08_real_fm_srv6-61min.mp3	2994	3038.0
690	25873799	Melhem-Medekiciltme44	44.0	recorded/Radio/2026-08-21/2026-08-21-23-00-08_real_fm_srv6-61min.mp3	1261	1305.0
691	25873801	Melhem-Medekiciltme44	44.0	recorded/Radio/2026-08-21/2026-08-21-23-00-08_real_fm_srv6-61min.mp3	3172	3216.0
692	25878944	Melhem-Medekiciltme44	44.0	recorded/Radio/2026-08-22/2026-08-22-07-00-08_real_fm_srv6-61min.mp3	3127	3171.0
693	25879398	Melhem-Medekiciltme44	44.0	recorded/Radio/2026-08-22/2026-08-22-08-00-08_real_fm_srv6-61min.mp3	1251	1295.0
694	25879400	Melhem-Medekiciltme44	44.0	recorded/Radio/2026-08-22/2026-08-22-08-00-08_real_fm_srv6-61min.mp3	3037	3081.0
695	25880577	Melhem-Medekiciltme44	44.0	recorded/Radio/2026-08-22/2026-08-22-09-00-08_real_fm_srv6-61min.mp3	1459	1503.0
696	25880581	Melhem-Medekiciltme44	44.0	recorded/Radio/2026-08-22/2026-08-22-09-00-08_real_fm_srv6-61min.mp3	3116	3160.0
697	25881609	Melhem-Medekiciltme44	44.0	recorded/Radio/2026-08-22/2026-08-22-10-00-08_real_fm_srv6-61min.mp3	1365	1409.0
698	25881612	Melhem-Medekiciltme44	44.0	recorded/Radio/2026-08-22/2026-08-22-10-00-08_real_fm_srv6-61min.mp3	3007	3051.0
699	25883003	Melhem-Medekiciltme44	44.0	recorded/Radio/2026-08-22/2026-08-22-11-00-08_real_fm_srv6-61min.mp3	1486	1530.0
700	25883005	Melhem-Medekiciltme44	44.0	recorded/Radio/2026-08-22/2026-08-22-11-00-08_real_fm_srv6-61min.mp3	3285	3329.0
701	25884232	Melhem-Medekiciltme44	44.0	recorded/Radio/2026-08-22/2026-08-22-12-00-08_real_fm_srv6-61min.mp3	1369	1413.0
702	25884234	Melhem-Medekiciltme44	44.0	recorded/Radio/2026-08-22/2026-08-22-12-00-08_real_fm_srv6-61min.mp3	3112	3156.0
703	25885429	Melhem-Medekiciltme44	44.0	recorded/Radio/2026-08-22/2026-08-22-13-00-08_real_fm_srv6-61min.mp3	1427	1471.0
704	25885431	Melhem-Medekiciltme44	44.0	recorded/Radio/2026-08-22/2026-08-22-13-00-08_real_fm_srv6-61min.mp3	3329	3373.0
705	25886754	Melhem-Medekiciltme44	44.0	recorded/Radio/2026-08-22/2026-08-22-14-00-08_real_fm_srv6-61min.mp3	1285	1329.0
706	25886757	Melhem-Medekiciltme44	44.0	recorded/Radio/2026-08-22/2026-08-22-14-00-08_real_fm_srv6-61min.mp3	3143	3187.0
707	25887820	Melhem-Medekiciltme44	44.0	recorded/Radio/2026-08-22/2026-08-22-15-00-08_real_fm_srv6-61min.mp3	1426	1470.0
708	25887824	Melhem-Medekiciltme44	44.0	recorded/Radio/2026-08-22/2026-08-22-15-00-08_real_fm_srv6-61min.mp3	3337	3381.0
709	25888771	Melhem-Medekiciltme44	44.0	recorded/Radio/2026-08-22/2026-08-22-16-00-08_real_fm_srv6-61min.mp3	1386	1430.0
710	25888774	Melhem-Medekiciltme44	44.0	recorded/Radio/2026-08-22/2026-08-22-16-00-08_real_fm_srv6-61min.mp3	3004	3048.0
711	25889854	Melhem-Medekiciltme44	44.0	recorded/Radio/2026-08-22/2026-08-22-17-00-08_real_fm_srv6-61min.mp3	1486	1530.0
712	25889857	Melhem-Medekiciltme44	44.0	recorded/Radio/2026-08-22/2026-08-22-17-00-08_real_fm_srv6-61min.mp3	3008	3052.0
713	25891255	Melhem-Medekiciltme44	44.0	recorded/Radio/2026-08-22/2026-08-22-18-00-08_real_fm_srv6-61min.mp3	1331	1375.0
714	25891258	Melhem-Medekiciltme44	44.0	recorded/Radio/2026-08-22/2026-08-22-18-00-08_real_fm_srv6-61min.mp3	3065	3109.0
715	25892852	Melhem-Medekiciltme44	44.0	recorded/Radio/2026-08-22/2026-08-22-19-00-08_real_fm_srv6-61min.mp3	1323	1367.0
716	25892856	Melhem-Medekiciltme44	44.0	recorded/Radio/2026-08-22/2026-08-22-19-00-08_real_fm_srv6-61min.mp3	3096	3140.0
717	25894275	Melhem-Medekiciltme44	44.0	recorded/Radio/2026-08-22/2026-08-22-20-00-08_real_fm_srv6-61min.mp3	1288	1332.0
718	25894278	Melhem-Medekiciltme44	44.0	recorded/Radio/2026-08-22/2026-08-22-20-00-08_real_fm_srv6-61min.mp3	3111	3155.0
719	25895203	Melhem-Medekiciltme44	44.0	recorded/Radio/2026-08-22/2026-08-22-21-00-08_real_fm_srv6-61min.mp3	1310	1354.0
720	25895204	Melhem-Medekiciltme44	44.0	recorded/Radio/2026-08-22/2026-08-22-21-00-08_real_fm_srv6-61min.mp3	3041	3085.0
721	25895963	Melhem-Medekiciltme44	44.0	recorded/Radio/2026-08-22/2026-08-22-22-00-09_real_fm_srv6-61min.mp3	1283	1327.0
722	25895964	Melhem-Medekiciltme44	44.0	recorded/Radio/2026-08-22/2026-08-22-22-00-09_real_fm_srv6-61min.mp3	3027	3071.0
723	25896421	Melhem-Medekiciltme44	44.0	recorded/Radio/2026-08-22/2026-08-22-23-00-08_real_fm_srv6-61min.mp3	1338	1382.0
724	25896422	Melhem-Medekiciltme44	44.0	recorded/Radio/2026-08-22/2026-08-22-23-00-08_real_fm_srv6-61min.mp3	3144	3188.0
725	25897402	Melhem-Medekiciltme44	44.0	recorded/Radio/2026-08-23/2026-08-23-07-00-08_real_fm_srv6-61min.mp3	3018	3062.0
726	25897832	Melhem-Medekiciltme44	44.0	recorded/Radio/2026-08-23/2026-08-23-08-00-09_real_fm_srv6-61min.mp3	1410	1454.0
727	25897836	Melhem-Medekiciltme44	44.0	recorded/Radio/2026-08-23/2026-08-23-08-00-09_real_fm_srv6-61min.mp3	3139	3183.0
728	25898973	Melhem-Medekiciltme44	44.0	recorded/Radio/2026-08-23/2026-08-23-09-00-08_real_fm_srv6-61min.mp3	1351	1395.0
729	25898976	Melhem-Medekiciltme44	44.0	recorded/Radio/2026-08-23/2026-08-23-09-00-08_real_fm_srv6-61min.mp3	3078	3122.0
730	25900146	Melhem-Medekiciltme44	44.0	recorded/Radio/2026-08-23/2026-08-23-10-00-08_real_fm_srv6-61min.mp3	1355	1399.0
731	25900149	Melhem-Medekiciltme44	44.0	recorded/Radio/2026-08-23/2026-08-23-10-00-08_real_fm_srv6-61min.mp3	3136	3180.0
732	25901521	Melhem-Medekiciltme44	44.0	recorded/Radio/2026-08-23/2026-08-23-11-00-09_real_fm_srv6-61min.mp3	1333	1377.0
733	25901525	Melhem-Medekiciltme44	44.0	recorded/Radio/2026-08-23/2026-08-23-11-00-09_real_fm_srv6-61min.mp3	3163	3207.0
734	25902748	Melhem-Medekiciltme44	44.0	recorded/Radio/2026-08-23/2026-08-23-12-00-08_real_fm_srv6-61min.mp3	1267	1311.0
735	25902751	Melhem-Medekiciltme44	44.0	recorded/Radio/2026-08-23/2026-08-23-12-00-08_real_fm_srv6-61min.mp3	3115	3159.0
736	25904084	Melhem-Medekiciltme44	44.0	recorded/Radio/2026-08-23/2026-08-23-13-00-08_real_fm_srv6-61min.mp3	1429	1473.0
737	25904086	Melhem-Medekiciltme44	44.0	recorded/Radio/2026-08-23/2026-08-23-13-00-08_real_fm_srv6-61min.mp3	3144	3188.0
738	25905356	Melhem-Medekiciltme44	44.0	recorded/Radio/2026-08-23/2026-08-23-14-00-08_real_fm_srv6-61min.mp3	1247	1291.0
739	25905358	Melhem-Medekiciltme44	44.0	recorded/Radio/2026-08-23/2026-08-23-14-00-08_real_fm_srv6-61min.mp3	3177	3221.0
740	25906359	Melhem-Medekiciltme44	44.0	recorded/Radio/2026-08-23/2026-08-23-15-00-08_real_fm_srv6-61min.mp3	1575	1619.0
741	25906363	Melhem-Medekiciltme44	44.0	recorded/Radio/2026-08-23/2026-08-23-15-00-08_real_fm_srv6-61min.mp3	3110	3154.0
742	25907326	Melhem-Medekiciltme44	44.0	recorded/Radio/2026-08-23/2026-08-23-16-00-08_real_fm_srv6-61min.mp3	1416	1460.0
743	25907329	Melhem-Medekiciltme44	44.0	recorded/Radio/2026-08-23/2026-08-23-16-00-08_real_fm_srv6-61min.mp3	3084	3128.0
744	25908438	Melhem-Medekiciltme44	44.0	recorded/Radio/2026-08-23/2026-08-23-17-00-08_real_fm_srv6-61min.mp3	1436	1480.0
745	25908442	Melhem-Medekiciltme44	44.0	recorded/Radio/2026-08-23/2026-08-23-17-00-08_real_fm_srv6-61min.mp3	3195	3239.0
746	25909611	Melhem-Medekiciltme44	44.0	recorded/Radio/2026-08-23/2026-08-23-18-00-08_real_fm_srv6-61min.mp3	1260	1304.0
747	25909615	Melhem-Medekiciltme44	44.0	recorded/Radio/2026-08-23/2026-08-23-18-00-08_real_fm_srv6-61min.mp3	3052	3096.0
748	25911301	Melhem-Medekiciltme44	44.0	recorded/Radio/2026-08-23/2026-08-23-19-00-08_real_fm_srv6-61min.mp3	1401	1445.0
749	25911306	Melhem-Medekiciltme44	44.0	recorded/Radio/2026-08-23/2026-08-23-19-00-08_real_fm_srv6-61min.mp3	3108	3152.0
750	25912753	Melhem-Medekiciltme44	44.0	recorded/Radio/2026-08-23/2026-08-23-20-00-09_real_fm_srv6-61min.mp3	1320	1364.0
751	25912755	Melhem-Medekiciltme44	44.0	recorded/Radio/2026-08-23/2026-08-23-20-00-09_real_fm_srv6-61min.mp3	3146	3190.0
752	25913771	Melhem-Medekiciltme44	44.0	recorded/Radio/2026-08-23/2026-08-23-21-00-08_real_fm_srv6-61min.mp3	1316	1360.0
753	25913772	Melhem-Medekiciltme44	44.0	recorded/Radio/2026-08-23/2026-08-23-21-00-08_real_fm_srv6-61min.mp3	3049	3093.0
754	25914462	Melhem-Medekiciltme44	44.0	recorded/Radio/2026-08-23/2026-08-23-22-00-08_real_fm_srv6-61min.mp3	1290	1334.0
755	25914463	Melhem-Medekiciltme44	44.0	recorded/Radio/2026-08-23/2026-08-23-22-00-08_real_fm_srv6-61min.mp3	3046	3090.0
756	25914862	Melhem-Medekiciltme44	44.0	recorded/Radio/2026-08-23/2026-08-23-23-00-08_real_fm_srv6-61min.mp3	1415	1459.0
757	25914863	Melhem-Medekiciltme44	44.0	recorded/Radio/2026-08-23/2026-08-23-23-00-08_real_fm_srv6-61min.mp3	2999	3043.0
758	25916086	Melhem-Medekiciltme44	44.0	recorded/Radio/2026-08-24/2026-08-24-07-00-08_real_fm_srv6-61min.mp3	3076	3120.0
759	25916762	Melhem-Medekiciltme44	44.0	recorded/Radio/2026-08-24/2026-08-24-08-00-08_real_fm_srv6-61min.mp3	1268	1312.0
760	25916763	Melhem-Medekiciltme44	44.0	recorded/Radio/2026-08-24/2026-08-24-08-00-08_real_fm_srv6-61min.mp3	3294	3338.0
761	25918284	Melhem-Medekiciltme44	44.0	recorded/Radio/2026-08-24/2026-08-24-09-00-08_real_fm_srv6-61min.mp3	1271	1315.0
762	25918285	Melhem-Medekiciltme44	44.0	recorded/Radio/2026-08-24/2026-08-24-09-00-08_real_fm_srv6-61min.mp3	3334	3378.0
763	25920131	Melhem-Medekiciltme44	44.0	recorded/Radio/2026-08-24/2026-08-24-10-00-08_real_fm_srv6-61min.mp3	1249	1293.0
764	25920134	Melhem-Medekiciltme44	44.0	recorded/Radio/2026-08-24/2026-08-24-10-00-08_real_fm_srv6-61min.mp3	2927	2971.0
765	25921499	Melhem-Medekiciltme44	44.0	recorded/Radio/2026-08-24/2026-08-24-11-00-08_real_fm_srv6-61min.mp3	1423	1467.0
766	25921501	Melhem-Medekiciltme44	44.0	recorded/Radio/2026-08-24/2026-08-24-11-00-08_real_fm_srv6-61min.mp3	3072	3116.0
767	25922606	Melhem-Medekiciltme44	44.0	recorded/Radio/2026-08-24/2026-08-24-12-00-08_real_fm_srv6-61min.mp3	1271	1315.0
768	25922609	Melhem-Medekiciltme44	44.0	recorded/Radio/2026-08-24/2026-08-24-12-00-08_real_fm_srv6-61min.mp3	3087	3131.0
769	25923907	Melhem-Medekiciltme44	44.0	recorded/Radio/2026-08-24/2026-08-24-13-00-08_real_fm_srv6-61min.mp3	1357	1401.0
770	25923910	Melhem-Medekiciltme44	44.0	recorded/Radio/2026-08-24/2026-08-24-13-00-08_real_fm_srv6-61min.mp3	3148	3192.0
771	25928298	Melhem-Medekiciltme44	44.0	recorded/Radio/2026-08-24/2026-08-24-14-00-08_real_fm_srv6-61min.mp3	1299	1343.0
772	25928302	Melhem-Medekiciltme44	44.0	recorded/Radio/2026-08-24/2026-08-24-14-00-08_real_fm_srv6-61min.mp3	2910	2954.0
773	25931767	Melhem-Medekiciltme44	44.0	recorded/Radio/2026-08-24/2026-08-24-15-00-08_real_fm_srv6-61min.mp3	1367	1411.0
774	25931770	Melhem-Medekiciltme44	44.0	recorded/Radio/2026-08-24/2026-08-24-15-00-08_real_fm_srv6-61min.mp3	3210	3254.0
775	25937771	Melhem-Medekiciltme44	44.0	recorded/Radio/2026-08-24/2026-08-24-16-00-08_real_fm_srv6-61min.mp3	1357	1401.0
776	25937775	Melhem-Medekiciltme44	44.0	recorded/Radio/2026-08-24/2026-08-24-16-00-08_real_fm_srv6-61min.mp3	3021	3065.0
777	25943783	Melhem-Medekiciltme44	44.0	recorded/Radio/2026-08-24/2026-08-24-17-00-08_real_fm_srv6-61min.mp3	1375	1419.0
778	25943784	Melhem-Medekiciltme44	44.0	recorded/Radio/2026-08-24/2026-08-24-17-00-08_real_fm_srv6-61min.mp3	3157	3201.0
779	25950199	Melhem-Medekiciltme44	44.0	recorded/Radio/2026-08-24/2026-08-24-18-00-08_real_fm_srv6-61min.mp3	1726	1770.0
780	25950203	Melhem-Medekiciltme44	44.0	recorded/Radio/2026-08-24/2026-08-24-18-00-08_real_fm_srv6-61min.mp3	3212	3256.0
781	25956293	Melhem-Medekiciltme44	44.0	recorded/Radio/2026-08-24/2026-08-24-19-00-08_real_fm_srv6-61min.mp3	1314	1358.0
782	25956297	Melhem-Medekiciltme44	44.0	recorded/Radio/2026-08-24/2026-08-24-19-00-08_real_fm_srv6-61min.mp3	3385	3429.0
783	25962228	Melhem-Medekiciltme44	44.0	recorded/Radio/2026-08-24/2026-08-24-20-00-08_real_fm_srv6-61min.mp3	1354	1398.0
784	25962230	Melhem-Medekiciltme44	44.0	recorded/Radio/2026-08-24/2026-08-24-20-00-08_real_fm_srv6-61min.mp3	3102	3146.0
785	25967369	Melhem-Medekiciltme44	44.0	recorded/Radio/2026-08-24/2026-08-24-21-00-08_real_fm_srv6-61min.mp3	1260	1304.0
786	25967373	Melhem-Medekiciltme44	44.0	recorded/Radio/2026-08-24/2026-08-24-21-00-08_real_fm_srv6-61min.mp3	3116	3160.0
787	25971867	Melhem-Medekiciltme44	44.0	recorded/Radio/2026-08-24/2026-08-24-22-00-08_real_fm_srv6-61min.mp3	1454	1498.0
788	25971869	Melhem-Medekiciltme44	44.0	recorded/Radio/2026-08-24/2026-08-24-22-00-08_real_fm_srv6-61min.mp3	3101	3145.0
789	25974569	Melhem-Medekiciltme44	44.0	recorded/Radio/2026-08-24/2026-08-24-23-00-08_real_fm_srv6-61min.mp3	1285	1329.0
790	25974573	Melhem-Medekiciltme44	44.0	recorded/Radio/2026-08-24/2026-08-24-23-00-08_real_fm_srv6-61min.mp3	3125	3169.0
791	25987943	Melhem-Medekiciltme44	44.0	recorded/Radio/2026-08-25/2026-08-25-07-00-08_real_fm_srv6-61min.mp3	2950	2994.0
792	25989602	Melhem-Medekiciltme44	44.0	recorded/Radio/2026-08-25/2026-08-25-08-00-08_real_fm_srv6-61min.mp3	1483	1527.0
793	25989606	Melhem-Medekiciltme44	44.0	recorded/Radio/2026-08-25/2026-08-25-08-00-08_real_fm_srv6-61min.mp3	3297	3341.0
794	25992406	Melhem-Medekiciltme44	44.0	recorded/Radio/2026-08-25/2026-08-25-09-00-08_real_fm_srv6-61min.mp3	1387	1431.0
795	25992409	Melhem-Medekiciltme44	44.0	recorded/Radio/2026-08-25/2026-08-25-09-00-08_real_fm_srv6-61min.mp3	3270	3314.0
796	25995105	Melhem-Medekiciltme44	44.0	recorded/Radio/2026-08-25/2026-08-25-10-00-08_real_fm_srv6-61min.mp3	1602	1646.0
797	25995111	Melhem-Medekiciltme44	44.0	recorded/Radio/2026-08-25/2026-08-25-10-00-08_real_fm_srv6-61min.mp3	2993	3037.0
798	25997397	Melhem-Medekiciltme44	44.0	recorded/Radio/2026-08-25/2026-08-25-11-00-08_real_fm_srv6-61min.mp3	1375	1419.0
799	25997400	Melhem-Medekiciltme44	44.0	recorded/Radio/2026-08-25/2026-08-25-11-00-08_real_fm_srv6-61min.mp3	3199	3243.0
800	25999514	Melhem-Medekiciltme44	44.0	recorded/Radio/2026-08-25/2026-08-25-12-00-08_real_fm_srv6-61min.mp3	1410	1454.0
801	25999518	Melhem-Medekiciltme44	44.0	recorded/Radio/2026-08-25/2026-08-25-12-00-08_real_fm_srv6-61min.mp3	3113	3157.0
802	26001409	Melhem-Medekiciltme44	44.0	recorded/Radio/2026-08-25/2026-08-25-13-00-08_real_fm_srv6-61min.mp3	1291	1335.0
803	26001413	Melhem-Medekiciltme44	44.0	recorded/Radio/2026-08-25/2026-08-25-13-00-08_real_fm_srv6-61min.mp3	3143	3187.0
804	26003474	Melhem-Medekiciltme44	44.0	recorded/Radio/2026-08-25/2026-08-25-14-00-08_real_fm_srv6-61min.mp3	1365	1409.0
805	26003477	Melhem-Medekiciltme44	44.0	recorded/Radio/2026-08-25/2026-08-25-14-00-08_real_fm_srv6-61min.mp3	3082	3126.0
806	26005032	Melhem-Medekiciltme44	44.0	recorded/Radio/2026-08-25/2026-08-25-15-00-08_real_fm_srv6-61min.mp3	1401	1445.0
807	26005035	Melhem-Medekiciltme44	44.0	recorded/Radio/2026-08-25/2026-08-25-15-00-08_real_fm_srv6-61min.mp3	3167	3211.0
808	26006837	Melhem-Medekiciltme44	44.0	recorded/Radio/2026-08-25/2026-08-25-16-00-08_real_fm_srv6-61min.mp3	1335	1379.0
809	26006841	Melhem-Medekiciltme44	44.0	recorded/Radio/2026-08-25/2026-08-25-16-00-08_real_fm_srv6-61min.mp3	3112	3156.0
810	26009256	Melhem-Medekiciltme44	44.0	recorded/Radio/2026-08-25/2026-08-25-17-00-08_real_fm_srv6-61min.mp3	1310	1354.0
811	26009259	Melhem-Medekiciltme44	44.0	recorded/Radio/2026-08-25/2026-08-25-17-00-08_real_fm_srv6-61min.mp3	3110	3154.0
812	26011998	Melhem-Medekiciltme44	44.0	recorded/Radio/2026-08-25/2026-08-25-18-00-08_real_fm_srv6-61min.mp3	1152	1196.0
813	26012004	Melhem-Medekiciltme44	44.0	recorded/Radio/2026-08-25/2026-08-25-18-00-08_real_fm_srv6-61min.mp3	3041	3085.0
814	26015458	Melhem-Medekiciltme44	44.0	recorded/Radio/2026-08-25/2026-08-25-19-00-08_real_fm_srv6-61min.mp3	1315	1359.0
815	26015463	Melhem-Medekiciltme44	44.0	recorded/Radio/2026-08-25/2026-08-25-19-00-08_real_fm_srv6-61min.mp3	3052	3096.0
816	26018208	Melhem-Medekiciltme44	44.0	recorded/Radio/2026-08-25/2026-08-25-20-00-08_real_fm_srv6-61min.mp3	1389	1433.0
817	26018211	Melhem-Medekiciltme44	44.0	recorded/Radio/2026-08-25/2026-08-25-20-00-08_real_fm_srv6-61min.mp3	3099	3143.0
818	26020387	Melhem-Medekiciltme44	44.0	recorded/Radio/2026-08-25/2026-08-25-21-00-08_real_fm_srv6-61min.mp3	1217	1261.0
819	26020389	Melhem-Medekiciltme44	44.0	recorded/Radio/2026-08-25/2026-08-25-21-00-08_real_fm_srv6-61min.mp3	3114	3158.0
820	26022553	Melhem-Medekiciltme44	44.0	recorded/Radio/2026-08-25/2026-08-25-22-00-08_real_fm_srv6-61min.mp3	1377	1421.0
821	26022554	Melhem-Medekiciltme44	44.0	recorded/Radio/2026-08-25/2026-08-25-22-00-08_real_fm_srv6-61min.mp3	3064	3108.0
822	26023477	Melhem-Medekiciltme44	44.0	recorded/Radio/2026-08-25/2026-08-25-23-00-08_real_fm_srv6-61min.mp3	1423	1467.0
823	26023480	Melhem-Medekiciltme44	44.0	recorded/Radio/2026-08-25/2026-08-25-23-00-08_real_fm_srv6-61min.mp3	3205	3249.0
824	26024723	Melhem-Medekiciltme44	44.0	recorded/Radio/2026-08-26/2026-08-26-07-00-08_real_fm_srv6-61min.mp3	3060	3104.0
825	26025183	Melhem-Medekiciltme44	44.0	recorded/Radio/2026-08-26/2026-08-26-08-00-08_real_fm_srv6-61min.mp3	1437	1481.0
826	26025186	Melhem-Medekiciltme44	44.0	recorded/Radio/2026-08-26/2026-08-26-08-00-08_real_fm_srv6-61min.mp3	3278	3322.0
827	26027160	Melhem-Medekiciltme44	44.0	recorded/Radio/2026-08-26/2026-08-26-09-00-08_real_fm_srv6-61min.mp3	1299	1343.0
828	26027163	Melhem-Medekiciltme44	44.0	recorded/Radio/2026-08-26/2026-08-26-09-00-08_real_fm_srv6-61min.mp3	3252	3296.0
829	26028945	Melhem-Medekiciltme44	44.0	recorded/Radio/2026-08-26/2026-08-26-10-00-08_real_fm_srv6-61min.mp3	1335	1379.0
830	26028948	Melhem-Medekiciltme44	44.0	recorded/Radio/2026-08-26/2026-08-26-10-00-08_real_fm_srv6-61min.mp3	3251	3295.0
831	26030413	Melhem-Medekiciltme44	44.0	recorded/Radio/2026-08-26/2026-08-26-11-00-08_real_fm_srv6-61min.mp3	1299	1343.0
832	26030416	Melhem-Medekiciltme44	44.0	recorded/Radio/2026-08-26/2026-08-26-11-00-08_real_fm_srv6-61min.mp3	3062	3106.0
833	26031689	Melhem-Medekiciltme44	44.0	recorded/Radio/2026-08-26/2026-08-26-12-00-08_real_fm_srv6-61min.mp3	1522	1566.0
834	26031692	Melhem-Medekiciltme44	44.0	recorded/Radio/2026-08-26/2026-08-26-12-00-08_real_fm_srv6-61min.mp3	3119	3163.0
835	26032987	Melhem-Medekiciltme44	44.0	recorded/Radio/2026-08-26/2026-08-26-13-00-08_real_fm_srv6-61min.mp3	1400	1444.0
836	26032988	Melhem-Medekiciltme44	44.0	recorded/Radio/2026-08-26/2026-08-26-13-00-08_real_fm_srv6-61min.mp3	3127	3171.0
837	26034247	Melhem-Medekiciltme44	44.0	recorded/Radio/2026-08-26/2026-08-26-14-00-08_real_fm_srv6-61min.mp3	1273	1317.0
838	26034250	Melhem-Medekiciltme44	44.0	recorded/Radio/2026-08-26/2026-08-26-14-00-08_real_fm_srv6-61min.mp3	3199	3243.0
839	26035394	Melhem-Medekiciltme44	44.0	recorded/Radio/2026-08-26/2026-08-26-15-00-08_real_fm_srv6-61min.mp3	1303	1347.0
840	26035397	Melhem-Medekiciltme44	44.0	recorded/Radio/2026-08-26/2026-08-26-15-00-08_real_fm_srv6-61min.mp3	3358	3402.0
841	26036551	Melhem-Medekiciltme44	44.0	recorded/Radio/2026-08-26/2026-08-26-16-00-09_real_fm_srv6-61min.mp3	1443	1487.0
842	26036555	Melhem-Medekiciltme44	44.0	recorded/Radio/2026-08-26/2026-08-26-16-00-09_real_fm_srv6-61min.mp3	3257	3301.0
843	26038329	Melhem-Medekiciltme44	44.0	recorded/Radio/2026-08-26/2026-08-26-17-00-08_real_fm_srv6-61min.mp3	1522	1566.0
844	26038332	Melhem-Medekiciltme44	44.0	recorded/Radio/2026-08-26/2026-08-26-17-00-08_real_fm_srv6-61min.mp3	3110	3154.0
845	26040000	Melhem-Medekiciltme44	44.0	recorded/Radio/2026-08-26/2026-08-26-18-00-08_real_fm_srv6-61min.mp3	1414	1458.0
846	26040003	Melhem-Medekiciltme44	44.0	recorded/Radio/2026-08-26/2026-08-26-18-00-08_real_fm_srv6-61min.mp3	3083	3127.0
847	26041982	Melhem-Medekiciltme44	44.0	recorded/Radio/2026-08-26/2026-08-26-19-00-08_real_fm_srv6-61min.mp3	1393	1437.0
848	26041987	Melhem-Medekiciltme44	44.0	recorded/Radio/2026-08-26/2026-08-26-19-00-08_real_fm_srv6-61min.mp3	3189	3233.0
849	26043596	Melhem-Medekiciltme44	44.0	recorded/Radio/2026-08-26/2026-08-26-20-00-08_real_fm_srv6-61min.mp3	1364	1408.0
850	26043598	Melhem-Medekiciltme44	44.0	recorded/Radio/2026-08-26/2026-08-26-20-00-08_real_fm_srv6-61min.mp3	3307	3351.0
851	26044762	Melhem-Medekiciltme44	44.0	recorded/Radio/2026-08-26/2026-08-26-21-00-08_real_fm_srv6-61min.mp3	1503	1547.0
852	26044764	Melhem-Medekiciltme44	44.0	recorded/Radio/2026-08-26/2026-08-26-21-00-08_real_fm_srv6-61min.mp3	3170	3214.0
853	26045466	Melhem-Medekiciltme44	44.0	recorded/Radio/2026-08-26/2026-08-26-22-00-08_real_fm_srv6-61min.mp3	1343	1387.0
854	26045468	Melhem-Medekiciltme44	44.0	recorded/Radio/2026-08-26/2026-08-26-22-00-08_real_fm_srv6-61min.mp3	3240	3284.0
855	26046004	Melhem-Medekiciltme44	44.0	recorded/Radio/2026-08-26/2026-08-26-23-00-08_real_fm_srv6-61min.mp3	1316	1360.0
856	26046005	Melhem-Medekiciltme44	44.0	recorded/Radio/2026-08-26/2026-08-26-23-00-08_real_fm_srv6-61min.mp3	3225	3269.0
857	26047405	Melhem-Medekiciltme44	44.0	recorded/Radio/2026-08-27/2026-08-27-07-00-08_real_fm_srv6-61min.mp3	3049	3093.0
858	26048130	Melhem-Medekiciltme44	44.0	recorded/Radio/2026-08-27/2026-08-27-08-00-08_real_fm_srv6-61min.mp3	1563	1607.0
859	26048132	Melhem-Medekiciltme44	44.0	recorded/Radio/2026-08-27/2026-08-27-08-00-08_real_fm_srv6-61min.mp3	3240	3284.0
860	26049635	Melhem-Medekiciltme44	44.0	recorded/Radio/2026-08-27/2026-08-27-09-00-08_real_fm_srv6-61min.mp3	1236	1280.0
861	26049637	Melhem-Medekiciltme44	44.0	recorded/Radio/2026-08-27/2026-08-27-09-00-08_real_fm_srv6-61min.mp3	3425	3469.0
862	26051513	Melhem-Medekiciltme44	44.0	recorded/Radio/2026-08-27/2026-08-27-10-00-08_real_fm_srv6-61min.mp3	1472	1516.0
863	26051517	Melhem-Medekiciltme44	44.0	recorded/Radio/2026-08-27/2026-08-27-10-00-08_real_fm_srv6-61min.mp3	3154	3198.0
864	26056583	Melhem-Medekiciltme44	44.0	recorded/Radio/2026-08-27/2026-08-27-11-00-08_real_fm_srv6-61min.mp3	1278	1322.0
865	26056588	Melhem-Medekiciltme44	44.0	recorded/Radio/2026-08-27/2026-08-27-11-00-08_real_fm_srv6-61min.mp3	3190	3234.0
866	26060702	Melhem-Medekiciltme44	44.0	recorded/Radio/2026-08-27/2026-08-27-12-00-08_real_fm_srv6-61min.mp3	1336	1380.0
867	26060705	Melhem-Medekiciltme44	44.0	recorded/Radio/2026-08-27/2026-08-27-12-00-08_real_fm_srv6-61min.mp3	3134	3178.0
868	26065192	Melhem-Medekiciltme44	44.0	recorded/Radio/2026-08-27/2026-08-27-13-00-09_real_fm_srv6-61min.mp3	1308	1352.0
869	26065196	Melhem-Medekiciltme44	44.0	recorded/Radio/2026-08-27/2026-08-27-13-00-09_real_fm_srv6-61min.mp3	3159	3203.0
870	26069337	Melhem-Medekiciltme44	44.0	recorded/Radio/2026-08-27/2026-08-27-14-00-08_real_fm_srv6-61min.mp3	1339	1383.0
871	26069340	Melhem-Medekiciltme44	44.0	recorded/Radio/2026-08-27/2026-08-27-14-00-08_real_fm_srv6-61min.mp3	3130	3174.0
872	26073161	Melhem-Medekiciltme44	44.0	recorded/Radio/2026-08-27/2026-08-27-15-00-08_real_fm_srv6-61min.mp3	1274	1318.0
873	26073164	Melhem-Medekiciltme44	44.0	recorded/Radio/2026-08-27/2026-08-27-15-00-08_real_fm_srv6-61min.mp3	3230	3274.0
874	26076880	Melhem-Medekiciltme44	44.0	recorded/Radio/2026-08-27/2026-08-27-16-00-08_real_fm_srv6-61min.mp3	1295	1339.0
875	26076883	Melhem-Medekiciltme44	44.0	recorded/Radio/2026-08-27/2026-08-27-16-00-08_real_fm_srv6-61min.mp3	3263	3307.0
876	26081393	Melhem-Medekiciltme44	44.0	recorded/Radio/2026-08-27/2026-08-27-17-00-08_real_fm_srv6-61min.mp3	3068	3112.0
877	26085084	Melhem-Medekiciltme44	44.0	recorded/Radio/2026-08-27/2026-08-27-18-00-08_real_fm_srv6-61min.mp3	1566	1610.0
878	26085088	Melhem-Medekiciltme44	44.0	recorded/Radio/2026-08-27/2026-08-27-18-00-08_real_fm_srv6-61min.mp3	3256	3300.0
879	26089134	Melhem-Medekiciltme44	44.0	recorded/Radio/2026-08-27/2026-08-27-19-00-08_real_fm_srv6-61min.mp3	747	791.0
880	26089138	Melhem-Medekiciltme44	44.0	recorded/Radio/2026-08-27/2026-08-27-19-00-08_real_fm_srv6-61min.mp3	3235	3279.0
881	26093022	Melhem-Medekiciltme44	44.0	recorded/Radio/2026-08-27/2026-08-27-20-00-08_real_fm_srv6-61min.mp3	1270	1314.0
882	26093026	Melhem-Medekiciltme44	44.0	recorded/Radio/2026-08-27/2026-08-27-20-00-08_real_fm_srv6-61min.mp3	3230	3274.0
883	26096030	Melhem-Medekiciltme44	44.0	recorded/Radio/2026-08-27/2026-08-27-21-00-08_real_fm_srv6-61min.mp3	1274	1318.0
884	26096031	Melhem-Medekiciltme44	44.0	recorded/Radio/2026-08-27/2026-08-27-21-00-08_real_fm_srv6-61min.mp3	3248	3292.0
885	26098593	Melhem-Medekiciltme44	44.0	recorded/Radio/2026-08-27/2026-08-27-22-00-08_real_fm_srv6-61min.mp3	1380	1424.0
886	26098595	Melhem-Medekiciltme44	44.0	recorded/Radio/2026-08-27/2026-08-27-22-00-08_real_fm_srv6-61min.mp3	3179	3223.0
887	26100729	Melhem-Medekiciltme44	44.0	recorded/Radio/2026-08-27/2026-08-27-23-00-08_real_fm_srv6-61min.mp3	1361	1405.0
888	26100730	Melhem-Medekiciltme44	44.0	recorded/Radio/2026-08-27/2026-08-27-23-00-08_real_fm_srv6-61min.mp3	3123	3167.0
889	26104090	Melhem-Medekiciltme44	44.0	recorded/Radio/2026-08-28/2026-08-28-07-00-08_real_fm_srv6-61min.mp3	3044	3088.0
890	26104640	Melhem-Medekiciltme44	44.0	recorded/Radio/2026-08-28/2026-08-28-08-00-09_real_fm_srv6-61min.mp3	1436	1480.0
891	26104643	Melhem-Medekiciltme44	44.0	recorded/Radio/2026-08-28/2026-08-28-08-00-09_real_fm_srv6-61min.mp3	3446	3490.0
892	26106799	Melhem-Medekiciltme44	44.0	recorded/Radio/2026-08-28/2026-08-28-09-00-08_real_fm_srv6-61min.mp3	1366	1410.0
893	26106802	Melhem-Medekiciltme44	44.0	recorded/Radio/2026-08-28/2026-08-28-09-00-08_real_fm_srv6-61min.mp3	3421	3465.0
894	26108367	Melhem-Medekiciltme44	44.0	recorded/Radio/2026-08-28/2026-08-28-10-00-08_real_fm_srv6-61min.mp3	1616	1660.0
895	26108371	Melhem-Medekiciltme44	44.0	recorded/Radio/2026-08-28/2026-08-28-10-00-08_real_fm_srv6-61min.mp3	3433	3477.0
896	26109794	Melhem-Medekiciltme44	44.0	recorded/Radio/2026-08-28/2026-08-28-11-00-08_real_fm_srv6-61min.mp3	1370	1414.0
897	26109797	Melhem-Medekiciltme44	44.0	recorded/Radio/2026-08-28/2026-08-28-11-00-08_real_fm_srv6-61min.mp3	3090	3134.0
898	26110827	Melhem-Medekiciltme44	44.0	recorded/Radio/2026-08-28/2026-08-28-12-00-08_real_fm_srv6-61min.mp3	1253	1297.0
899	26110828	Melhem-Medekiciltme44	44.0	recorded/Radio/2026-08-28/2026-08-28-12-00-08_real_fm_srv6-61min.mp3	3174	3218.0
900	26112389	Melhem-Medekiciltme44	44.0	recorded/Radio/2026-08-28/2026-08-28-13-00-09_real_fm_srv6-61min.mp3	1426	1470.0
901	26112391	Melhem-Medekiciltme44	44.0	recorded/Radio/2026-08-28/2026-08-28-13-00-09_real_fm_srv6-61min.mp3	3107	3151.0
902	26113838	Melhem-Medekiciltme44	44.0	recorded/Radio/2026-08-28/2026-08-28-14-00-08_real_fm_srv6-61min.mp3	1349	1393.0
903	26113842	Melhem-Medekiciltme44	44.0	recorded/Radio/2026-08-28/2026-08-28-14-00-08_real_fm_srv6-61min.mp3	3113	3157.0
904	26114954	Melhem-Medekiciltme44	44.0	recorded/Radio/2026-08-28/2026-08-28-15-00-08_real_fm_srv6-61min.mp3	1432	1476.0
905	26114957	Melhem-Medekiciltme44	44.0	recorded/Radio/2026-08-28/2026-08-28-15-00-08_real_fm_srv6-61min.mp3	3147	3191.0
906	26116047	Melhem-Medekiciltme44	44.0	recorded/Radio/2026-08-28/2026-08-28-16-00-09_real_fm_srv6-61min.mp3	1453	1497.0
907	26116048	Melhem-Medekiciltme44	44.0	recorded/Radio/2026-08-28/2026-08-28-16-00-09_real_fm_srv6-61min.mp3	3067	3111.0
908	26117645	Melhem-Medekiciltme44	44.0	recorded/Radio/2026-08-28/2026-08-28-17-00-08_real_fm_srv6-61min.mp3	1499	1543.0
909	26117650	Melhem-Medekiciltme44	44.0	recorded/Radio/2026-08-28/2026-08-28-17-00-08_real_fm_srv6-61min.mp3	3175	3219.0
910	26120350	Melhem-Medekiciltme44	44.0	recorded/Radio/2026-08-28/2026-08-28-18-00-08_real_fm_srv6-61min.mp3	1276	1320.0
911	26120355	Melhem-Medekiciltme44	44.0	recorded/Radio/2026-08-28/2026-08-28-18-00-08_real_fm_srv6-61min.mp3	3311	3355.0
912	26123408	Melhem-Medekiciltme44	44.0	recorded/Radio/2026-08-28/2026-08-28-19-00-08_real_fm_srv6-61min.mp3	1394	1438.0
913	26123411	Melhem-Medekiciltme44	44.0	recorded/Radio/2026-08-28/2026-08-28-19-00-08_real_fm_srv6-61min.mp3	3188	3232.0
914	26126154	Melhem-Medekiciltme44	44.0	recorded/Radio/2026-08-28/2026-08-28-20-00-08_real_fm_srv6-61min.mp3	1456	1500.0
915	26126156	Melhem-Medekiciltme44	44.0	recorded/Radio/2026-08-28/2026-08-28-20-00-08_real_fm_srv6-61min.mp3	3072	3116.0
916	26128373	Melhem-Medekiciltme44	44.0	recorded/Radio/2026-08-28/2026-08-28-21-00-08_real_fm_srv6-61min.mp3	1510	1554.0
917	26128375	Melhem-Medekiciltme44	44.0	recorded/Radio/2026-08-28/2026-08-28-21-00-08_real_fm_srv6-61min.mp3	3228	3272.0
918	26129797	Melhem-Medekiciltme44	44.0	recorded/Radio/2026-08-28/2026-08-28-22-00-08_real_fm_srv6-61min.mp3	1281	1325.0
919	26129798	Melhem-Medekiciltme44	44.0	recorded/Radio/2026-08-28/2026-08-28-22-00-08_real_fm_srv6-61min.mp3	3221	3265.0
920	26130725	Melhem-Medekiciltme44	44.0	recorded/Radio/2026-08-28/2026-08-28-23-00-08_real_fm_srv6-61min.mp3	1459	1503.0
921	26130726	Melhem-Medekiciltme44	44.0	recorded/Radio/2026-08-28/2026-08-28-23-00-08_real_fm_srv6-61min.mp3	3145	3189.0
922	26132123	Melhem-Medekiciltme44	44.0	recorded/Radio/2026-08-29/2026-08-29-07-00-08_real_fm_srv6-61min.mp3	3062	3106.0
923	26132666	Melhem-Medekiciltme44	44.0	recorded/Radio/2026-08-29/2026-08-29-08-00-09_real_fm_srv6-61min.mp3	1409	1453.0
924	26132669	Melhem-Medekiciltme44	44.0	recorded/Radio/2026-08-29/2026-08-29-08-00-09_real_fm_srv6-61min.mp3	3257	3301.0
925	26133985	Melhem-Medekiciltme44	44.0	recorded/Radio/2026-08-29/2026-08-29-09-00-08_real_fm_srv6-61min.mp3	1460	1504.0
926	26133988	Melhem-Medekiciltme44	44.0	recorded/Radio/2026-08-29/2026-08-29-09-00-08_real_fm_srv6-61min.mp3	3246	3290.0
927	26135278	Melhem-Medekiciltme44	44.0	recorded/Radio/2026-08-29/2026-08-29-10-00-08_real_fm_srv6-61min.mp3	1352	1396.0
928	26135282	Melhem-Medekiciltme44	44.0	recorded/Radio/2026-08-29/2026-08-29-10-00-08_real_fm_srv6-61min.mp3	3109	3153.0
929	26136853	Melhem-Medekiciltme44	44.0	recorded/Radio/2026-08-29/2026-08-29-11-00-08_real_fm_srv6-61min.mp3	1358	1402.0
930	26136855	Melhem-Medekiciltme44	44.0	recorded/Radio/2026-08-29/2026-08-29-11-00-08_real_fm_srv6-61min.mp3	3072	3116.0
931	26138242	Melhem-Medekiciltme44	44.0	recorded/Radio/2026-08-29/2026-08-29-12-00-08_real_fm_srv6-61min.mp3	1508	1552.0
932	26138244	Melhem-Medekiciltme44	44.0	recorded/Radio/2026-08-29/2026-08-29-12-00-08_real_fm_srv6-61min.mp3	3171	3215.0
933	26139661	Melhem-Medekiciltme44	44.0	recorded/Radio/2026-08-29/2026-08-29-13-00-08_real_fm_srv6-61min.mp3	1474	1518.0
934	26139664	Melhem-Medekiciltme44	44.0	recorded/Radio/2026-08-29/2026-08-29-13-00-08_real_fm_srv6-61min.mp3	3299	3343.0
935	26141182	Melhem-Medekiciltme44	44.0	recorded/Radio/2026-08-29/2026-08-29-14-00-08_real_fm_srv6-61min.mp3	1346	1390.0
936	26141185	Melhem-Medekiciltme44	44.0	recorded/Radio/2026-08-29/2026-08-29-14-00-08_real_fm_srv6-61min.mp3	3232	3276.0
937	26142360	Melhem-Medekiciltme44	44.0	recorded/Radio/2026-08-29/2026-08-29-15-00-08_real_fm_srv6-61min.mp3	1686	1730.0
938	26142363	Melhem-Medekiciltme44	44.0	recorded/Radio/2026-08-29/2026-08-29-15-00-08_real_fm_srv6-61min.mp3	3331	3375.0
939	26143262	Melhem-Medekiciltme44	44.0	recorded/Radio/2026-08-29/2026-08-29-16-00-08_real_fm_srv6-61min.mp3	1578	1622.0
940	26143263	Melhem-Medekiciltme44	44.0	recorded/Radio/2026-08-29/2026-08-29-16-00-08_real_fm_srv6-61min.mp3	3293	3337.0
941	26144799	Melhem-Medekiciltme44	44.0	recorded/Radio/2026-08-29/2026-08-29-17-00-08_real_fm_srv6-61min.mp3	1335	1379.0
942	26144804	Melhem-Medekiciltme44	44.0	recorded/Radio/2026-08-29/2026-08-29-17-00-08_real_fm_srv6-61min.mp3	3216	3260.0
943	26146269	Melhem-Medekiciltme44	44.0	recorded/Radio/2026-08-29/2026-08-29-18-00-08_real_fm_srv6-61min.mp3	1382	1426.0
944	26146273	Melhem-Medekiciltme44	44.0	recorded/Radio/2026-08-29/2026-08-29-18-00-08_real_fm_srv6-61min.mp3	3134	3178.0
945	26148288	Melhem-Medekiciltme44	44.0	recorded/Radio/2026-08-29/2026-08-29-19-00-08_real_fm_srv6-61min.mp3	1440	1484.0
946	26148290	Melhem-Medekiciltme44	44.0	recorded/Radio/2026-08-29/2026-08-29-19-00-08_real_fm_srv6-61min.mp3	3229	3273.0
947	26149995	Melhem-Medekiciltme44	44.0	recorded/Radio/2026-08-29/2026-08-29-20-00-09_real_fm_srv6-61min.mp3	1374	1418.0
948	26149997	Melhem-Medekiciltme44	44.0	recorded/Radio/2026-08-29/2026-08-29-20-00-09_real_fm_srv6-61min.mp3	3103	3147.0
949	26151085	Melhem-Medekiciltme44	44.0	recorded/Radio/2026-08-29/2026-08-29-21-00-08_real_fm_srv6-61min.mp3	1665	1709.0
950	26151086	Melhem-Medekiciltme44	44.0	recorded/Radio/2026-08-29/2026-08-29-21-00-08_real_fm_srv6-61min.mp3	3206	3250.0
951	26151957	Melhem-Medekiciltme44	44.0	recorded/Radio/2026-08-29/2026-08-29-22-00-08_real_fm_srv6-61min.mp3	1319	1363.0
952	26151959	Melhem-Medekiciltme44	44.0	recorded/Radio/2026-08-29/2026-08-29-22-00-08_real_fm_srv6-61min.mp3	3163	3207.0
953	26152440	Melhem-Medekiciltme44	44.0	recorded/Radio/2026-08-29/2026-08-29-23-00-08_real_fm_srv6-61min.mp3	1456	1500.0
954	26152441	Melhem-Medekiciltme44	44.0	recorded/Radio/2026-08-29/2026-08-29-23-00-08_real_fm_srv6-61min.mp3	3099	3143.0
955	26153635	Melhem-Medekiciltme44	44.0	recorded/Radio/2026-08-30/2026-08-30-07-00-08_real_fm_srv6-61min.mp3	3102	3146.0
956	26153924	Melhem-Medekiciltme44	44.0	recorded/Radio/2026-08-30/2026-08-30-08-00-08_real_fm_srv6-61min.mp3	1323	1367.0
957	26153925	Melhem-Medekiciltme44	44.0	recorded/Radio/2026-08-30/2026-08-30-08-00-08_real_fm_srv6-61min.mp3	3283	3327.0
958	26155490	Melhem-Medekiciltme44	44.0	recorded/Radio/2026-08-30/2026-08-30-09-00-08_real_fm_srv6-61min.mp3	1388	1432.0
959	26155492	Melhem-Medekiciltme44	44.0	recorded/Radio/2026-08-30/2026-08-30-09-00-08_real_fm_srv6-61min.mp3	3145	3189.0
960	26156648	Melhem-Medekiciltme44	44.0	recorded/Radio/2026-08-30/2026-08-30-10-00-08_real_fm_srv6-61min.mp3	1476	1520.0
961	26156650	Melhem-Medekiciltme44	44.0	recorded/Radio/2026-08-30/2026-08-30-10-00-08_real_fm_srv6-61min.mp3	3184	3228.0
962	26157960	Melhem-Medekiciltme44	44.0	recorded/Radio/2026-08-30/2026-08-30-11-00-08_real_fm_srv6-61min.mp3	1411	1455.0
963	26157961	Melhem-Medekiciltme44	44.0	recorded/Radio/2026-08-30/2026-08-30-11-00-08_real_fm_srv6-61min.mp3	3110	3154.0
964	26159437	Melhem-Medekiciltme44	44.0	recorded/Radio/2026-08-30/2026-08-30-12-00-08_real_fm_srv6-61min.mp3	1442	1486.0
965	26159439	Melhem-Medekiciltme44	44.0	recorded/Radio/2026-08-30/2026-08-30-12-00-08_real_fm_srv6-61min.mp3	3149	3193.0
966	26160863	Melhem-Medekiciltme44	44.0	recorded/Radio/2026-08-30/2026-08-30-13-00-08_real_fm_srv6-61min.mp3	1431	1475.0
967	26160866	Melhem-Medekiciltme44	44.0	recorded/Radio/2026-08-30/2026-08-30-13-00-08_real_fm_srv6-61min.mp3	3173	3217.0
968	26162218	Melhem-Medekiciltme44	44.0	recorded/Radio/2026-08-30/2026-08-30-14-00-08_real_fm_srv6-61min.mp3	1536	1580.0
969	26162220	Melhem-Medekiciltme44	44.0	recorded/Radio/2026-08-30/2026-08-30-14-00-08_real_fm_srv6-61min.mp3	3262	3306.0
970	26163288	Melhem-Medekiciltme44	44.0	recorded/Radio/2026-08-30/2026-08-30-15-00-08_real_fm_srv6-61min.mp3	1468	1512.0
971	26163290	Melhem-Medekiciltme44	44.0	recorded/Radio/2026-08-30/2026-08-30-15-00-08_real_fm_srv6-61min.mp3	3205	3249.0
972	26164478	Melhem-Medekiciltme44	44.0	recorded/Radio/2026-08-30/2026-08-30-16-00-08_real_fm_srv6-61min.mp3	1319	1363.0
973	26164481	Melhem-Medekiciltme44	44.0	recorded/Radio/2026-08-30/2026-08-30-16-00-08_real_fm_srv6-61min.mp3	3121	3165.0
974	26165601	Melhem-Medekiciltme44	44.0	recorded/Radio/2026-08-30/2026-08-30-17-00-09_real_fm_srv6-61min.mp3	1488	1532.0
975	26165604	Melhem-Medekiciltme44	44.0	recorded/Radio/2026-08-30/2026-08-30-17-00-09_real_fm_srv6-61min.mp3	3141	3185.0
976	26167164	Melhem-Medekiciltme44	44.0	recorded/Radio/2026-08-30/2026-08-30-18-00-08_real_fm_srv6-61min.mp3	1435	1479.0
977	26167168	Melhem-Medekiciltme44	44.0	recorded/Radio/2026-08-30/2026-08-30-18-00-08_real_fm_srv6-61min.mp3	3092	3136.0
978	26169079	Melhem-Medekiciltme44	44.0	recorded/Radio/2026-08-30/2026-08-30-19-00-08_real_fm_srv6-61min.mp3	1415	1459.0
979	26169081	Melhem-Medekiciltme44	44.0	recorded/Radio/2026-08-30/2026-08-30-19-00-08_real_fm_srv6-61min.mp3	3168	3212.0
980	26170659	Melhem-Medekiciltme44	44.0	recorded/Radio/2026-08-30/2026-08-30-20-00-08_real_fm_srv6-61min.mp3	1331	1375.0
981	26170660	Melhem-Medekiciltme44	44.0	recorded/Radio/2026-08-30/2026-08-30-20-00-08_real_fm_srv6-61min.mp3	3118	3162.0
982	26171579	Melhem-Medekiciltme44	44.0	recorded/Radio/2026-08-30/2026-08-30-21-00-08_real_fm_srv6-61min.mp3	1286	1330.0
983	26171580	Melhem-Medekiciltme44	44.0	recorded/Radio/2026-08-30/2026-08-30-21-00-08_real_fm_srv6-61min.mp3	3121	3165.0
984	26172385	Melhem-Medekiciltme44	44.0	recorded/Radio/2026-08-30/2026-08-30-22-00-08_real_fm_srv6-61min.mp3	1312	1356.0
985	26172386	Melhem-Medekiciltme44	44.0	recorded/Radio/2026-08-30/2026-08-30-22-00-08_real_fm_srv6-61min.mp3	3049	3093.0
986	26172853	Melhem-Medekiciltme44	44.0	recorded/Radio/2026-08-30/2026-08-30-23-00-08_real_fm_srv6-61min.mp3	1402	1446.0
987	26172854	Melhem-Medekiciltme44	44.0	recorded/Radio/2026-08-30/2026-08-30-23-00-08_real_fm_srv6-61min.mp3	3187	3231.0
988	26174185	Melhem-Medekiciltme44	44.0	recorded/Radio/2026-08-31/2026-08-31-07-00-08_real_fm_srv6-61min.mp3	3091	3135.0
989	26174937	Melhem-Medekiciltme44	44.0	recorded/Radio/2026-08-31/2026-08-31-08-00-08_real_fm_srv6-61min.mp3	1457	1501.0
990	26174939	Melhem-Medekiciltme44	44.0	recorded/Radio/2026-08-31/2026-08-31-08-00-08_real_fm_srv6-61min.mp3	3283	3327.0
991	26176793	Melhem-Medekiciltme44	44.0	recorded/Radio/2026-08-31/2026-08-31-09-00-08_real_fm_srv6-61min.mp3	1285	1329.0
992	26176796	Melhem-Medekiciltme44	44.0	recorded/Radio/2026-08-31/2026-08-31-09-00-08_real_fm_srv6-61min.mp3	3156	3200.0
993	26178782	Melhem-Medekiciltme44	44.0	recorded/Radio/2026-08-31/2026-08-31-10-00-08_real_fm_srv6-61min.mp3	1656	1700.0
994	26178785	Melhem-Medekiciltme44	44.0	recorded/Radio/2026-08-31/2026-08-31-10-00-08_real_fm_srv6-61min.mp3	3220	3264.0
995	26180266	Melhem-Medekiciltme44	44.0	recorded/Radio/2026-08-31/2026-08-31-11-00-08_real_fm_srv6-61min.mp3	1433	1477.0
996	26180268	Melhem-Medekiciltme44	44.0	recorded/Radio/2026-08-31/2026-08-31-11-00-08_real_fm_srv6-61min.mp3	3074	3118.0
997	26181257	Melhem-Medekiciltme44	44.0	recorded/Radio/2026-08-31/2026-08-31-12-00-08_real_fm_srv6-61min.mp3	1280	1324.0
998	26181260	Melhem-Medekiciltme44	44.0	recorded/Radio/2026-08-31/2026-08-31-12-00-08_real_fm_srv6-61min.mp3	3074	3118.0
999	26182634	Melhem-Medekiciltme44	44.0	recorded/Radio/2026-08-31/2026-08-31-13-00-08_real_fm_srv6-61min.mp3	1320	1364.0
1000	26182637	Melhem-Medekiciltme44	44.0	recorded/Radio/2026-08-31/2026-08-31-13-00-08_real_fm_srv6-61min.mp3	3118	3162.0
1001	26184153	Melhem-Medekiciltme44	44.0	recorded/Radio/2026-08-31/2026-08-31-14-00-08_real_fm_srv6-61min.mp3	1453	1497.0
1002	26184154	Melhem-Medekiciltme44	44.0	recorded/Radio/2026-08-31/2026-08-31-14-00-08_real_fm_srv6-61min.mp3	3422	3466.0
1003	26185279	Melhem-Medekiciltme44	44.0	recorded/Radio/2026-08-31/2026-08-31-15-00-08_real_fm_srv6-61min.mp3	1329	1373.0
1004	26185283	Melhem-Medekiciltme44	44.0	recorded/Radio/2026-08-31/2026-08-31-15-00-08_real_fm_srv6-61min.mp3	3254	3298.0
1005	26187382	Melhem-Medekiciltme44	44.0	recorded/Radio/2026-08-31/2026-08-31-16-00-08_real_fm_srv6-61min.mp3	1380	1424.0
1006	26187385	Melhem-Medekiciltme44	44.0	recorded/Radio/2026-08-31/2026-08-31-16-00-08_real_fm_srv6-61min.mp3	3084	3128.0
1007	26189892	Melhem-Medekiciltme44	44.0	recorded/Radio/2026-08-31/2026-08-31-17-00-08_real_fm_srv6-61min.mp3	1373	1417.0
1008	26189898	Melhem-Medekiciltme44	44.0	recorded/Radio/2026-08-31/2026-08-31-17-00-08_real_fm_srv6-61min.mp3	3295	3339.0
1009	26191833	Melhem-Medekiciltme44	44.0	recorded/Radio/2026-08-31/2026-08-31-18-00-08_real_fm_srv6-61min.mp3	2030	2074.0
1010	26191837	Melhem-Medekiciltme44	44.0	recorded/Radio/2026-08-31/2026-08-31-18-00-08_real_fm_srv6-61min.mp3	3351	3395.0
1011	26194622	Melhem-Medekiciltme44	44.0	recorded/Radio/2026-08-31/2026-08-31-19-00-08_real_fm_srv6-61min.mp3	1338	1382.0
1012	26194625	Melhem-Medekiciltme44	44.0	recorded/Radio/2026-08-31/2026-08-31-19-00-08_real_fm_srv6-61min.mp3	3087	3131.0
1013	26196575	Melhem-Medekiciltme44	44.0	recorded/Radio/2026-08-31/2026-08-31-20-00-08_real_fm_srv6-61min.mp3	1429	1473.0
1014	26196578	Melhem-Medekiciltme44	44.0	recorded/Radio/2026-08-31/2026-08-31-20-00-08_real_fm_srv6-61min.mp3	3095	3139.0
1015	26198393	Melhem-Medekiciltme44	44.0	recorded/Radio/2026-08-31/2026-08-31-21-00-08_real_fm_srv6-61min.mp3	1399	1443.0
1016	26198394	Melhem-Medekiciltme44	44.0	recorded/Radio/2026-08-31/2026-08-31-21-00-08_real_fm_srv6-61min.mp3	3107	3151.0
1017	26199592	Melhem-Medekiciltme44	44.0	recorded/Radio/2026-08-31/2026-08-31-22-00-15.778_real_fm_srv10-61min.mp3	1301	1345.0
1018	26199595	Melhem-Medekiciltme44	44.0	recorded/Radio/2026-08-31/2026-08-31-22-00-15.778_real_fm_srv10-61min.mp3	3244	3288.0
1019	26200204	Melhem-Medekiciltme44	44.0	recorded/Radio/2026-08-31/2026-08-31-23-00-08_real_fm_srv6-61min.mp3	1335	1379.0
1020	26200205	Melhem-Medekiciltme44	44.0	recorded/Radio/2026-08-31/2026-08-31-23-00-08_real_fm_srv6-61min.mp3	3042	3086.0
